MIXS ID	Structured comment name	Item	Expected value	Value syntax	Occurrence	Preferred unit	Definition
MIXS:0000322	sieving	composite design/sieving	design name and/or size;amount	{{text}|{float} {unit}};{float} {unit}	1		Collection design of pooled samples and/or sieve size and amount of sample sieved
MIXS:0000021	ploidy	ploidy	PATO	{termLabel} {[termID]}	1		The ploidy level of the genome (e.g. allopolyploid, haploid, diploid, triploid, tetraploid). It has implications for the downstream study of duplicated gene and regions of the genomes (and perhaps for difficulties in assembly). For terms, please select terms listed under class ploidy (PATO:001374) of Phenotypic Quality Ontology (PATO), and for a browser of PATO (v 2018-03-27) please refer to http://purl.bioontology.org/ontology/PATO
MIXS:0000321	horizon_meth	soil horizon method	PMID,DOI or url	{PMID}|{DOI}|{URL}	1		Reference or method used in determining the horizon
MIXS:0001170	spikein_strain	spike-in microbial strain	NCIT:C14250 or NCBI taxid or text	{termLabel} {[termID]}|{integer}	m		Taxonomic information about the spike-in organism(s) at the strain level. This field accepts terms under organism (http://purl.obolibrary.org/obo/NCIT_C14250). This field also accepts identification numbers from NCBI under https://www.ncbi.nlm.nih.gov/taxonomy. Multiple terms can be separated by pipes.
MIXS:0000874	host_phenotype	host phenotype	PATO or HP	{text};{termLabel} {[termID]}	1		Phenotype of human or other host. For phenotypic quality ontology (pato) (v 2018-03-27) terms, please see http://purl.bioontology.org/ontology/pato. For Human Phenotype Ontology (HP) (v 2018-06-13) please see http://purl.bioontology.org/ontology/HP
MIXS:0000056	assembly_qual	assembly quality	enumeration	[Finished genome|High-quality draft genome|Medium-quality draft genome|Low-quality draft genome|Genome fragment(s)]	1		The assembly quality category is based on sets of criteria outlined for each assembly quality category. For MISAG/MIMAG;Finished: Single, validated, contiguous sequence per replicon without gaps or ambiguities with a consensus error rate equivalent to Q50 or better. High Quality Draft:Multiple fragments where gaps span repetitive regions. Presence of the 23S, 16S and 5S rRNA genes and at least 18 tRNAs. Medium Quality Draft:Many fragments with little to no review of assembly other than reporting of standard assembly statistics. Low Quality Draft:Many fragments with little to no review of assembly other than reporting of standard assembly statistics. Assembly statistics include, but are not limited to total assembly size, number of contigs, contig N50/L50, and maximum contig length. For MIUVIG;Finished: Single, validated, contiguous sequence per replicon without gaps or ambiguities, with extensive manual review and editing to annotate putative gene functions and transcriptional units. High-quality draft genome: One or multiple fragments, totaling ≥ 90% of the expected genome or replicon sequence or predicted complete. Genome fragment(s): One or multiple fragments, totalling < 90% of the expected genome or replicon sequence, or for which no genome size could be estimated
MIXS:0000998	samp_type	sample type (host or environmental context)	GENEPIO:0001246	{termLabel} {[termID]}	1		The type of material from which the sample was obtained. For the Hydrocarbon package, samples include types like core, rock trimmings, drill cuttings, piping section, coupon, pigging debris, solid deposit, produced fluid, produced water, injected water, swabs, etc. For the Food Package, samples are usually categorized as food, body products or tissues, or environmental material. This field accepts terms listed under environmental specimen (http://purl.obolibrary.org/obo/GENEPIO_0001246).
MIXS:0001135	food_preserv_proc	food preservation process	FOODON:03470107	{text}|{termLabel} {[termID]}	m		The methods contributing to the prevention or retardation of microbial, enzymatic or oxidative spoilage and thus to the extension of shelf life. This field accepts terms listed under food preservation process (http://purl.obolibrary.org/obo/FOODON_03470107).
MIXS:0000829	season	season	autumn [NCIT:C94733], spring [NCIT:C94731], summer [NCIT:C94732], winter [NCIT:C94730]	{termLabel} {[termID]}	1		The season when sampling occurred. Any of the four periods into which the year is divided by the equinoxes and solstices. This field accepts terms listed under season (http://purl.obolibrary.org/obo/NCIT_C94729).
MIXS:0001168	spikein_serovar	spike-in bacterial serovar or serotype	NCIT:C14250 or antigenic formula or serovar name	{termLabel} {[termID]}|{integer}	m		Taxonomic information about the spike-in organism(s) at the serovar or serotype level. This field accepts terms under organism (http://purl.obolibrary.org/obo/NCIT_C14250). This field also accepts identification numbers from NCBI under https://www.ncbi.nlm.nih.gov/taxonomy. Multiple terms can be separated by pipes.
MIXS:0000009	lat_lon	geographic location (latitude and longitude)	decimal degrees,  limit to 8 decimal points	{float} {float}	1		The geographical origin of the sample as defined by latitude and longitude. The values should be reported in decimal degrees and in WGS84 system.
MIXS:0000083	pred_genome_struc	predicted genome structure	enumeration	[segmented|non-segmented|undetermined]	1		Expected structure of the viral genome
MIXS:0000182	redox_potential	redox potential	measurement value	{float} {unit}	1	millivolt	Redox potential, measured relative to a hydrogen cell, indicating oxidation or reduction potential
MIXS:0000328	link_climate_info	link to climate information	PMID,DOI or url	{PMID}|{DOI}|{URL}	1		Link to climate resource
MIXS:0000756	ventilation_type	ventilation type	ventilation type name	{text}	m		Ventilation system used in the sampled premises.
MIXS:0000003	isol_growth_condt	isolation and growth condition	PMID,DOI or URL	{PMID}|{DOI}|{URL}	1		Publication reference in the form of pubmed ID (pmid), digital object identifier (doi) or url for isolation and growth condition specifications of the organism/material
MIXS:0001106	ph_meth	pH method	PMID,DOI or url	{PMID}|{DOI}|{URL}	1		Reference or method used in determining pH.
MIXS:0001115	anim_water_method	animal water delivery method	EOL_0001653	{termLabel} {[termID]}	m		Description of the equipment or method used to distribute water to livestock. This field accepts termed listed under water delivery equipment (http://opendata.inra.fr/EOL/EOL_0001653). Multiple terms can be separated by pipes.
MIXS:0001147	lot_number	lot number	lot number, item	{integer}, {text}	m		A distinctive alpha-numeric identification code assigned by the manufacturer or distributor to a specific quantity of manufactured material or product within a batch. Synonym: Batch Number. The submitter should provide lot number of the item followed by the item name for which the lot number was provided.
MIXS:0001163	soil_temp	soil temperature	measurement value	{float}{unit}	m	degree Celsius	Temperature of soil at the time of sampling.
MIXS:0001125	farm_equip_san_freq	farm equipment sanitization frequency	text	{text}	1		The number of times farm equipment is cleaned. Frequency of cleaning might be on a Daily basis, Weekly, Monthly, Quarterly or Annually.
MIXS:0000498	mean_frict_vel	mean friction velocity	measurement value	{float} {unit}	1	meter per second	Measurement of mean friction velocity
MIXS:0000704	fluor	fluorescence	measurement value	{float} {unit}	1	milligram chlorophyll a per cubic meter, volts	Raw or converted fluorescence of water
MIXS:0000337	tot_org_c_meth	total organic carbon method	PMID,DOI or url	{PMID}|{DOI}|{URL}	1		Reference or method used in determining total organic carbon.
MIXS:0001126	farm_equip	farm equipment used	AGRO:00000416	{termLabel} {[termID]}	m		List of equipment used for planting, fertilization, harvesting, irrigation, land levelling, residue management, weeding or transplanting during the growing season. This field accepts terms listed under agricultural implement (http://purl.obolibrary.org/obo/AGRO_00000416). Multiple terms can be separated by pipes.
MIXS:0000067	trnas	number of standard tRNAs extracted	value from 0-21	{integer}	1		The total number of tRNAs identified from the SAG or MAG
MIXS:0000634	tot_depth_water_col	total depth of water column	measurement value	{float} {unit}	1	meter	Measurement of total depth of water column
MIXS:0000335	soil_text_measure	soil texture measurement	measurement value	{float} {unit}	1		The relative proportion of different grain sizes of mineral particles in a soil, as described using a standard system;express as % sand (50 um to 2 mm), silt (2 um to 50 um), and clay (<2 um) with textural name (e.g., silty clay loam) optional.
MIXS:0001113	animal_feed_equip	animal feeding equipment	EOL_0001757	{termLabel}{[termID]}	m		Description of the feeding equipment used for livestock. This field accepts terms listed under feed delivery (http://opendata.inra.fr/EOL/EOL_0001757). Multiple terms can be separated by pipes.
MIXS:0000060	number_contig	number of contigs	value	{integer}	1		Total number of contigs in the cleaned/submitted assembly that makes up a given genome, SAG, MAG, or UViG
MIXS:0000175	bishomohopanol	bishomohopanol	measurement value	{float} {unit}	1	microgram per liter, microgram per gram	Concentration of bishomohopanol
MIXS:0000424	sulfide	sulfide	measurement value	{float} {unit}	1	micromole per liter, milligram per liter, parts per million	Concentration of sulfide in the sample
MIXS:0000061	feat_pred	feature prediction	names and versions of software(s), parameters used	{software};{version};{parameters}	1		Method used to predict UViGs features such as ORFs, integration site, etc.
MIXS:0001133	food_harvest_proc	Food harvesting process	free text	{text}	m		A harvesting process is a process which takes in some food material from an individual or community of plant or animal organisms in a given context and time, and outputs a precursor or consumable food product. This may include a part of an organism or the whole, and may involve killing the organism.
MIXS:0001178	food_quality_date	food quality date	enumeration, date	[best by|best if used by|freeze by||use by];date	1		"The date recommended for the use of the product while at peak quality, this date is not a reflection of safety unless used on infant formula this date is not a reflection of safety and is typically labeled on a food product as ""best if used by,"" best by,"" ""use by,"" or ""freeze by."""
MIXS:0000077	bin_param	binning parameters	enumeration	[homology search|kmer|coverage|codon usage|combination]	1		The parameters that have been applied during the extraction of genomes from metagenomic datasets
MIXS:0001142	date_extr_weath	extreme weather date	date	{timestamp}	m		Date of unusual weather events that may have affected microbial populations. Multiple terms can be separated by pipes, listed in reverse chronological order.
MIXS:0000427	ammonium	ammonium	measurement value	{float} {unit}	1	micromole per liter, milligram per liter, parts per million	Concentration of ammonium in the sample
MIXS:0000002	samp_collect_device	sample collection device	device name	{termLabel} {[termID]}|{text}	1		The device used to collect an environmental sample. This field accepts terms listed under environmental sampling device (http://purl.obolibrary.org/obo/ENVO). This field also accepts terms listed under specimen collection device (http://purl.obolibrary.org/obo/GENEPIO_0002094).
MIXS:0000433	diss_org_carb	dissolved organic carbon	measurement value	{float} {unit}	1	micromole per liter, milligram per liter	Concentration of dissolved organic carbon in the sample, liquid portion of the sample, or aqueous phase of the fluid
MIXS:0000040	lib_reads_seqd	library reads sequenced	number of reads sequenced	{integer}	1		Total number of clones sequenced from the library
MIXS:0000327	store_cond	storage conditions	storage condition type;duration	{text};{duration}	1		Explain how and for how long the soil sample was stored before DNA extraction (fresh/frozen/other).
MIXS:0000747	tot_part_carb	total particulate carbon	measurement value	{float} {unit}	1	microgram per liter, micromole per liter	Total particulate carbon content
MIXS:0000057	assembly_name	assembly name	name and version of assembly	{text} {text}	1		Name/version of the assembly provided by the submitter that is used in the genome browsers and in the community
MIXS:0001128	fertilizer_date	fertilizer administration date	date and time	{timestamp}	1		Date of administration of soil amendment or fertilizer. Multiple terms may apply and can be separated by pipes, listing in reverse chronological order.
MIXS:0000579	root_med_micronutr	rooting medium micronutrients	micronutrient name;measurement value	{text};{float} {unit}	1	milligram per liter	Measurement of the culture rooting medium micronutrients (Fe, Mn, Zn, B, Cu, Mo);e.g. H3BO3 (6.2 mg/L).
MIXS:0000736	size_frac_up	size-fraction upper threshold	value	{float} {unit}	1	micrometer	Refers to the mesh/pore size used to retain the sample. Materials smaller than the size threshold are excluded from the sample.
MIXS:0000315	previous_land_use	history/previous land use	land use name;date	{text};{timestamp}	1		Previous land use and dates.
MIXS:0001322	pos_cont_type	positive control type		{term} or {text}	1		"The substance, mixture, product, or apparatus used to verify that a process which is part of an investigation delivers a true positive.
"
MIXS:0000100	humidity	humidity	measurement value	{float} {unit}	1	percentage	Amount of water vapour in the air, at the time of sampling.
MIXS:0000084	detec_type	detection type	enumeration	[independent sequence (UViG)|provirus (UpViG)]	1		Type of UViG detection
MIXS:0001127	fertilizer_admin	fertilizer administration	AGRO_00002062	{termLabel} {[termID]}	1		Type of fertilizer or amendment added to the soil or water for the purpose of improving substrate health and quality for plant growth. This field accepts terms listed under agronomic fertilizer (http://purl.obolibrary.org/obo/AGRO_00002062). Multiple terms may apply and can be separated by pipes, listing in reverse chronological order.
MIXS:0000745	tot_inorg_nitro	total inorganic nitrogen	measurement value	{float} {unit}	1	microgram per liter	Total inorganic nitrogen content
MIXS:0001173	timepoint	timepoint	duration	{float}	1	hours or days	Time point at which a sample or observation is made or taken from a biomaterial as measured from some reference point. Indicate the timepoint written in ISO 8601 format.
MIXS:0000719	part_org_nitro	particulate organic nitrogen	measurement value	{float} {unit}	1	microgram per liter, micromole per liter	Concentration of particulate organic nitrogen
MIXS:0000310	carb_nitro_ratio	carbon/nitrogen ratio	measurement value	{float}:{float}	1		Ratio of amount or concentrations of carbon to nitrogen
MIXS:0001148	season_humidity	mean seasonal humidity	measurement value	{float} {unit}	1		Average humidity of the region throughout the growing season.
MIXS:0000052	chimera_check	chimera check software	name and version of software, parameters used	{software};{version};{parameters}	1		Tool(s) used for chimera checking, including version number and parameters, to discover and remove chimeric sequences. A chimeric sequence is comprised of two or more phylogenetically distinct parent sequences.
MIXS:0000643	season_temp	mean seasonal temperature	measurement value	{float} {unit}	1	degree Celsius	Mean seasonal temperature
MIXS:0001132	food_contain_wrap	food container or wrapping	FOODON:03490100	{text}|{termLabel} {[termID]}	1		Type of container or wrapping defined by the main container material, the container form, and the material of the liner lids or ends. Also type of container or wrapping by form;prefer description by material first, then by form. This field accepts terms listed under food container or wrapping (http://purl.obolibrary.org/obo/FOODON_03490100).
MIXS:0001141	extr_weather_event	extreme weather event	enumeration	[drought|dust storm|extreme cold|extreme heat|flood|frost|hail|high precipitationhigh winds]	m		Unusual weather events that may have affected microbial populations. Multiple terms can be separated by pipes, listed in reverse chronological order.
MIXS:0000741	suspend_part_matter	suspended particulate matter	measurement value	{float} {unit}	1	milligram per liter	Concentration of suspended particulate matter
MIXS:0000298	alkalinity_method	alkalinity method	description of method	{text}	1		Method used for alkalinity measurement
MIXS:0000043	lib_screen	library screening strategy	screening strategy name	{text}	1		Specific enrichment or screening methods applied before and/or after creating libraries
MIXS:0001172	spikein_metal	spike-in with heavy metals	heavy metal name or chemical symbol;concentration	{text} {integer}	m		Heavy metals used in research study to assess effects of exposure on microbiome of a specific site. Please list heavy metals and concentration used for spike-in.
MIXS:0000102	tot_nitro	total nitrogen concentration	measurement value	{float} {unit}	1	microgram per liter, micromole per liter, milligram per liter	Total nitrogen concentration of water samples, calculated by: total nitrogen = total dissolved nitrogen + particulate nitrogen. Can also be measured without filtering, reported as nitrogen
MIXS:0001062	root_med_ph	rooting medium pH	measurement value	{float}	1		pH measurement of the culture rooting medium;e.g. 5.5.
MIXS:0000432	calcium	calcium	measurement value	{float} {unit}	1	milligram per liter, micromole per liter, parts per million	Concentration of calcium in the sample
MIXS:0000263	host_tot_mass	host total mass	measurement value	{float} {unit}	1	kilogram, gram	Total mass of the host at collection, the unit depends on host.
MIXS:0001321	neg_cont_type	negative control type	enumeration or text	[distilled water|phosphate buffer|empty collection device|empty collection tube|DNA-free PCR mix|sterile swab |sterile syringe]	1		The substance or equipment used as a negative control in an investigation
MIXS:0000085	otu_class_appr	OTU classification approach	cutoffs and method used	{ANI cutoff};{AF cutoff};{clustering method}	1		Cutoffs and approach used when clustering “species-level” OTUs. Note that results from standard 95% ANI / 85% AF clustering should be provided alongside OTUS defined from another set of thresholds, even if the latter are the ones primarily used during the analysis
MIXS:0000032	trophic_level	trophic level	enumeration	[autotroph|carboxydotroph|chemoautotroph|chemoheterotroph|chemolithoautotroph|chemolithotroph|chemoorganoheterotroph|chemoorganotroph|chemosynthetic|chemotroph|copiotroph|diazotroph|facultative|autotroph|heterotroph|lithoautotroph|lithoheterotroph|lithotroph|methanotroph|methylotroph|mixotroph|obligate|chemoautolithotroph|oligotroph|organoheterotroph|organotroph|photoautotroph|photoheterotroph|photolithoautotroph|photolithotroph|photosynthetic|phototroph]	1		Trophic levels are the feeding position in a food chain. Microbes can be a range of producers (e.g. chemolithotroph)
MIXS:0001225	samp_collec_method	sample collection method	PMID,DOI,url , or text	{PMID}|{DOI}|{URL}|{text}	1		The method employed for collecting the sample.
MIXS:0000053	tax_ident	taxonomic identity marker	enumeration	[16S rRNA gene|multi-marker approach|other]	1		The phylogenetic marker(s) used to assign an organism name to the SAG or MAG
MIXS:0001154	samp_source_mat_cat	sample source material category	GENEPIO:0001237	{termLabel} {[termID]}	1		This is the scientific role or category that the subject organism or material has with respect to an investigation. This field accepts terms listed under specimen source material category (http://purl.obolibrary.org/obo/GENEPIO_0001237 or http://purl.obolibrary.org/obo/OBI_0100051).
MIXS:0000503	n_alkanes	n-alkanes	n-alkane name;measurement value	{text};{float} {unit}	m	micromole per liter, milligram per liter	Concentration of n-alkanes;can include multiple n-alkanes
MIXS:0000757	wind_direction	wind direction	cardinal wind direction or azimuth degrees	{text}	1	degrees or cardinal direction	Wind direction is the direction from which a wind originates.
MIXS:0001320	samp_taxon_id	taxonomy ID of DNA sample	Taxonomy ID 	{text} [NCBI:txid]	1		NCBI taxon id of the sample. Maybe be a single taxon or mixed taxa sample. Use 'synthetic metagenome’ for mock community/positive controls, or 'blank sample' for negative controls.
MIXS:0000114	ventilation_rate	ventilation rate	measurement value	{float} {unit}	1	cubic meter per minute, liters per second	Ventilation rate of the system in the sampled premises.
MIXS:0001001	ph	pH	measurement value	{float}	1		pH measurement of the sample, or liquid portion of sample, or aqueous phase of the fluid.
MIXS:0000177	chlorophyll	chlorophyll	measurement value	{float} {unit}	1	milligram per cubic meter, microgram per liter	Concentration of chlorophyll
MIXS:0000324	al_sat_meth	extreme_unusual_properties/Al saturation method	PMID,DOI or URL	{PMID}|{DOI}|{URL}	1		Reference or method used in determining Al saturation
MIXS:0001038	biotic_regm	biotic regimen	free text	{text}	m		Information about treatment(s) involving use of biotic factors, such as bacteria, viruses or fungi.
MIXS:0001084	profile_position	profile position	enumeration	[summit|shoulder|backslope|footslope|toeslope]	1		Cross-sectional position in the hillslope where sample was collected.sample area position in relation to surrounding areas
MIXS:0000039	lib_size	library size	number of clones	{integer}	1		Total number of clones in the library prepared for the project
MIXS:0000256	host_length	host length	measurement value	{float} {unit}	1	centimeter, millimeter, meter	The length of subject.
MIXS:0001122	water_source_adjac	environmental feature adjacent water source	ENVO_01001110 or ENVO_00000070	{text}	m		Description of the environmental features that are adjacent to the farm water source. This field accepts terms under ecosystem (http://purl.obolibrary.org/obo/ENVO_01001110) and human construction (http://purl.obolibrary.org/obo/ENVO_00000070). Multiple terms can be separated by pipes.
MIXS:0001177	enrichment_protocol	enrichment protocol	PMID,DOI,url or free text	{PMID}|{DOI}|{URL}|{text}	1		The microbiological workflow or protocol followed to test for the presence or enumeration of the target microbial analyte(s). Please provide a PubMed or DOI reference for published protocols.
MIXS:0001181	cult_isol_date	culture isolation date	date and time	{timestamp}	1		A culture isolation date is a date-time entity marking the end of a process in which a sample yields a positive result for the target microbial analyte(s) in the form of an isolated colony or colonies.
MIXS:0000023	extrachrom_elements	extrachromosomal elements	number of extrachromosmal elements	{integer}	1		Do plasmids exist of significant phenotypic consequence (e.g. ones that determine virulence or antibiotic resistance). Megaplasmids? Other plasmids (borrelia has 15+ plasmids)
MIXS:0000319	flooding	history/flooding	date	{timestamp}	1		Historical and/or physical evidence of flooding
MIXS:0001184	food_product_type	food product type	FOODON:00001002 or FOODON:03309997	{text}|{termLabel} {[termID]}	m		A food product type is a class of food products that is differentiated by its food composition (e.g., single- or multi-ingredient), processing and/or consumption characteristics. This does not include brand name products but it may include generic food dish categories. This field accepts terms under food product type (http://purl.obolibrary.org/obo/FOODON:03400361). For terms related to food product for an animal, consult food product for animal (http://purl.obolibrary.org/obo/FOODON_03309997). If the proper descriptor is not listed please use text to describe the food type. Multiple terms can be separated by one or more pipes.
MIXS:0000203	water_current	water current	measurement value	{float} {unit}	1	cubic meter per second, knots	Measurement of magnitude and direction of flow within a fluid
MIXS:0000020	subspecf_gen_lin	subspecific genetic lineage	Genetic lineage below lowest rank of NCBI taxonomy, which is subspecies, e.g. serovar, biotype, ecotype, variety, cultivar.	{rank name}:{text}	1		Information about the genetic distinctness of the sequenced organism below the subspecies level, e.g., serovar, serotype, biotype, ecotype, or any relevant genetic typing schemes like Group I plasmid. Subspecies should not be recorded in this term, but in the NCBI taxonomy. Supply both the lineage name and the lineage rank separated by a colon, e.g., biovar:abc123.
MIXS:0001318	host_subspecf_genlin	host subspecific genetic lineage	Genetic lineage below lowest rank of NCBI taxonomy, which is subspecies, e.g. serovar, biotype, ecotype, variety, cultivar.	{rank name}:{text}	m		Information about the genetic distinctness of the host organism below the subspecies level e.g., serovar, serotype, biotype, ecotype, variety, cultivar, or any relevant genetic typing schemes like Group I plasmid. Subspecies should not be recorded in this term, but in the NCBI taxonomy. Supply both the lineage name and the lineage rank separated by a colon, e.g., biovar:abc123.
MIXS:0001157	serovar_or_serotype	serovar or serotype	NCIT:C14250 or NCBI taxid	{termLabel} {[termID]}|{integer}	m		A characterization of a cell or microorganism based on the antigenic properties of the molecules on its surface. Indicate the name of a serovar or serotype of interest. This field accepts terms under organism (http://purl.obolibrary.org/obo/NCIT_C14250). This field also accepts identification numbers from NCBI under https://www.ncbi.nlm.nih.gov/taxonomy.
MIXS:0000320	extreme_event	history/extreme events	date	{timestamp}	1		Unusual physical events that may have affected microbial populations
MIXS:0001169	spikein_growth_med	spike-in growth medium	MICRO:0000067	{text}|{termLabel} {[termID]}	m		A liquid or gel containing nutrients, salts, and other factors formulated to support the growth of microorganisms, cells, or plants (National Cancer Institute Thesaurus). A growth medium is a culture medium which has the disposition to encourage growth of particular bacteria to the exclusion of others in the same growth environment. In this case, list the culture medium used to propagate the spike-in bacteria during preparation of spike-in inoculum. This field accepts terms listed under microbiological culture medium (http://purl.obolibrary.org/obo/MICRO_0000067). If the proper descriptor is not listed please use text to describe the spike in growth media.
MIXS:0000698	diss_inorg_nitro	dissolved inorganic nitrogen	measurement value	{float} {unit}	1	microgram per liter, micromole per liter	Concentration of dissolved inorganic nitrogen
MIXS:0000028	biotic_relationship	observed biotic relationship	enumeration	[free living|parasitism|commensalism|symbiotic|mutualism]	1		Description of relationship(s) between the subject organism and other organism(s) it is associated with. E.g., parasite on species X;mutualist with species Y. The target organism is the subject of the relationship, and the other organism(s) is the object
MIXS:0000080	mag_cov_software	MAG coverage software	enumeration	[bwa|bbmap|bowtie|other]	1		Tool(s) used to determine the genome coverage if coverage is used as a binning parameter in the extraction of genomes from metagenomic datasets
MIXS:0000066	16s_recover_software	16S recovery software	names and versions of software(s), parameters used	{software};{version};{parameters}	1		Tools used for 16S rRNA gene extraction
MIXS:0000068	trna_ext_software	tRNA extraction software	names and versions of software(s), parameters used	{software};{version};{parameters}	1		Tools used for tRNA identification
MIXS:0000343	heavy_metals_meth	extreme_unusual_properties/heavy metals method	PMID,DOI or url	{PMID}|{DOI}|{URL}	1		Reference or method used in determining heavy metals
MIXS:0001121	adjacent_environment	environment adjacent to site	ENVO_01001110 or ENVO_00000070	{termLabel}{[termID]}	m		Description of the environmental system or features that are adjacent to the sampling site. This field accepts terms under ecosystem (http://purl.obolibrary.org/obo/ENVO_01001110) and human construction (http://purl.obolibrary.org/obo/ENVO_00000070). Multiple terms can be separated by pipes.
MIXS:0000754	perturbation	perturbation	perturbation type name;perturbation interval and duration	{text};{Rn/start_time/end_time/duration}	m		Type of perturbation, e.g. chemical administration, physical disturbance, etc., coupled with perturbation regimen including how many times the perturbation was repeated, how long each perturbation lasted, and the start and end time of the entire perturbation period;can include multiple perturbation types.
MIXS:0000137	glucosidase_act	glucosidase activity	measurement value	{float} {unit}	1	mol per liter per hour	Measurement of glucosidase activity
MIXS:0000330	local_class	soil_taxonomic/local classification	local classification name	{text}	1		Soil classification based on local soil classification system
MIXS:0000047	mid	multiplex identifiers	multiplex identifier sequence	{dna}	1		Molecular barcodes, called Multiplex Identifiers (MIDs), that are used to specifically tag unique samples in a sequencing run. Sequence should be reported in uppercase letters
MIXS:0000074	decontam_software	decontamination software	enumeration	[checkm/refinem|anvi'o|prodege|bbtools:decontaminate.sh|acdc|combination]	1		Tool(s) used in contamination screening
MIXS:0000323	water_cont_soil_meth	water content method	PMID,DOI or url	{PMID}|{DOI}|{URL}	1		Reference or method used in determining the water content of soil
MIXS:0001057	plant_growth_med	plant growth medium	EO or enumeration	{termLabel} {[termID]} or [husk|other artificial liquid medium|other artificial solid medium|peat moss|perlite|pumice|sand|soil|vermiculite|water]	m		Specification of the media for growing the plants or tissue cultured samples, e.g. soil, aeroponic, hydroponic, in vitro solid culture medium, in vitro liquid culture medium. Recommended value is a specific value from EO:plant growth medium (follow this link for terms http://purl.obolibrary.org/obo/EO_0007147) or other controlled vocabulary
MIXS:0000185	water_content	water content	measurement value	{float}	1	gram per gram or cubic centimeter per cubic centimeter	Water content measurement
MIXS:0000735	size_frac_low	size-fraction lower threshold	value	{float} {unit}	1	micrometer	Refers to the mesh/pore size used to pre-filter/pre-sort the sample. Materials larger than the size threshold are excluded from the sample.
MIXS:0000062	ref_db	reference database(s)	names, versions, and references of databases	{database};{version};{reference}	1		List of database(s) used for ORF annotation, along with version number and reference to website or publication
MIXS:0000652	heavy_metals	extreme_unusual_properties/heavy metals	heavy metal name;measurement value unit	{text};{float} {unit}	m	microgram per gram	Heavy metals present in the sequenced sample and their concentrations. For multiple heavy metals and concentrations, add multiple copies of this field.
MIXS:0001150	plant_reprod_crop	plant reproductive part	enumeration	[plant cutting|pregerminated seed|ratoon|seed|seedling|whole mature plant]	m		Plant reproductive part used in the field during planting to start the crop.
MIXS:0000646	slope_gradient	slope gradient	measurement value	{float} {unit}	1	percentage	Commonly called 'slope'. The angle between ground surface and a horizontal line (in percent). This is the direction that overland water would flow. This measure is usually taken with a hand level meter or clinometer
MIXS:0001080	cur_land_use	current land use	enumeration	[cities|farmstead|industrial areas|roads/railroads|rock|sand|gravel|mudflats|salt flats|badlands|permanent snow or ice|saline seeps|mines/quarries|oil waste areas|small grains|row crops|vegetable crops|horticultural plants (e.g. tulips)|marshlands (grass,sedges,rushes)|tundra (mosses,lichens)|rangeland|pastureland (grasslands used for livestock grazing)|hayland|meadows (grasses,alfalfa,fescue,bromegrass,timothy)|shrub land (e.g. mesquite,sage-brush,creosote bush,shrub oak,eucalyptus)|successional shrub land (tree saplings,hazels,sumacs,chokecherry,shrub dogwoods,blackberries)|shrub crops (blueberries,nursery ornamentals,filberts)|vine crops (grapes)|conifers (e.g. pine,spruce,fir,cypress)|hardwoods (e.g. oak,hickory,elm,aspen)|intermixed hardwood and conifers|tropical (e.g. mangrove,palms)|rainforest (evergreen forest receiving >406 cm annual rainfall)|swamp (permanent or semi-permanent water body dominated by woody plants)|crop trees (nuts,fruit,christmas trees,nursery trees)]	1		Present state of sample site
MIXS:0000650	microbial_biomass	microbial biomass	measurement value	{float} {unit}	1	ton, kilogram, gram per kilogram soil	The part of the organic matter in the soil that constitutes living microorganisms smaller than 5-10 micrometer. If you keep this, you would need to have correction factors used for conversion to the final units
MIXS:0001164	soil_texture_class	soil texture classification	enumeration	[clay|clay loam|loam|loamy sand|sand|sandy clay|sandy clay loam|sandy loam|silt|silty clay|silty clay loam|silt loam]	1		One of the 12 soil texture classes use to describe soil texture based on the relative proportion of different grain sizes of mineral particles [sand (50 um to 2 mm), silt (2 um to 50 um), and clay (<2 um)] in a soil.
MIXS:0001152	repository_name	repository name	Institution	{text}	m		"The name of the institution where the sample or DNA extract is held or ""sample not available"" if the sample was used in its entirety for analysis or otherwise not retained."
MIXS:0000081	vir_ident_software	viral identification software	software name, version and relevant parameters	{software};{version};{parameters}	1		Tool(s) used for the identification of UViG as a viral genome, software or protocol name including version number, parameters, and cutoffs used
MIXS:0001108	growth_medium	growth medium	text	{text}	1		A liquid or gel containing nutrients, salts, and other factors formulated to support the growth of microorganisms, cells, or plants (National Cancer Institute Thesaurus). The name of the medium used to grow the microorganism.
MIXS:0001149	part_plant_animal	part of plant or animal	FOODON:03420116	{text}|{termLabel} {[termID]}	m		The anatomical part of the organism being involved in food production or consumption;e.g., a carrot is the root of the plant (root vegetable). This field accepts terms listed under part of plant or animal (http://purl.obolibrary.org/obo/FOODON_03420116).
	prod_label_claims	production labeling claims	text	{text}	m		"Labeling claims containing descriptors such as wild caught, free-range, organic, free-range, industrial, hormone-free, antibiotic free, cage free. Can include more than one term, separated by "";"""
MIXS:0000316	prev_land_use_meth	history/previous land use method	PMID,DOI or url	{PMID}|{DOI}|{URL}	1		Reference or method used in determining previous land use and dates
MIXS:0000026	source_mat_id	source material identifiers	for cultures of microorganisms: identifiers for two culture collections;for other material a unique arbitrary identifer	{text}	m		A unique identifier assigned to a material sample (as defined by http://rs.tdwg.org/dwc/terms/materialSampleID, and as opposed to a particular digital record of a material sample) used for extracting nucleic acids, and subsequent sequencing. The identifier can refer either to the original material collected or to any derived sub-samples. The INSDC qualifiers /specimen_voucher, /bio_material, or /culture_collection may or may not share the same value as the source_mat_id field. For instance, the /specimen_voucher qualifier and source_mat_id may both contain 'UAM:Herps:14' , referring to both the specimen voucher and sampled tissue with the same identifier. However, the /culture_collection qualifier may refer to a value from an initial culture (e.g. ATCC:11775) while source_mat_id would refer to an identifier from some derived culture from which the nucleic acids were extracted (e.g. xatc123 or ark:/2154/R2).
MIXS:0001171	spikein_antibiotic	spike-in with antibiotics	drug name;concentration	{text} {integer}	m		Antimicrobials used in research study to assess effects of exposure on microbiome of a specific site. Please list antimicrobial, common name and/or class and concentration used for spike-in.
MIXS:0000515	part_org_carb	particulate organic carbon	measurement value	{float} {unit}	1	microgram per liter, micromole per liter	Concentration of particulate organic carbon
MIXS:0001161	rel_location	relative location of sample	text	{text}	1		Location of sampled soil to other parts of the farm e.g. under crop plant, near irrigation ditch, from the dirt road.
MIXS:0000429	chloride	chloride	measurement value	{float} {unit}	1	milligram per liter, parts per million	Concentration of chloride in the sample
MIXS:0001136	food_prod_char	food production characteristics	text	{text}	m		Descriptors of the food production system such as wild caught, free-range, organic, free-range, industrial, dairy, beef.
MIXS:0000423	sulfate	sulfate	measurement value	{float} {unit}	1	micromole per liter, milligram per liter, parts per million	Concentration of sulfate in the sample
MIXS:0000647	slope_aspect	slope aspect	measurement value	{float} {unit}	1	degree	The direction a slope faces. While looking down a slope use a compass to record the direction you are facing (direction or degrees);e.g., nw or 315 degrees. This measure provides an indication of sun and wind exposure that will influence soil temperature and evapotranspiration.
MIXS:0000059	annot	annotation	name of tool or pipeline used, or annotation source description	{text}	1		Tool used for annotation, or for cases where annotation was provided by a community jamboree or model organism database rather than by a specific submitter
MIXS:0001167	spikein_org	spike in organism	NCIT:C14250 or NCBI taxid	{termLabel} {[termID]}|{integer}	m		Taxonomic information about the spike-in organism(s). This field accepts terms under organism (http://purl.obolibrary.org/obo/NCIT_C14250). This field also accepts identification numbers from NCBI under https://www.ncbi.nlm.nih.gov/taxonomy. Multiple terms can be separated by pipes.
MIXS:0000752	misc_param	miscellaneous parameter	parameter name;measurement value	{text};{float} {unit}	m		Any other measurement performed or parameter collected, that is not listed here.
MIXS:0001044	growth_habit	growth habit	enumeration	[erect|semi-erect|spreading|prostrate]	1		Characteristic shape, appearance or growth form of a plant species.
MIXS:0001145	library_prep_kit	library preparation kit	name of library preparation kit	{text}	1		Packaged kits (containing adapters, indexes, enzymes, buffers etc.), tailored for specific sequencing workflows, which allow the simplified preparation of sequencing-ready libraries for small genomes, amplicons, and plasmids.
MIXS:0001131	food_contact_surf	food contact surface	FOODON:03500010	{text}|{termLabel} {[termID]}	m		The specific container or coating materials in direct contact with the food. Multiple values can be assigned. This field accepts terms listed under food contact surface (http://purl.obolibrary.org/obo/FOODON_03500010).
MIXS:0000045	target_subfragment	target subfragment	gene fragment name	{text}	1		Name of subfragment of a gene or locus. Important to e.g. identify special regions on marker genes like V6 on 16S rRNA
MIXS:0000504	nitro	nitrogen	measurement value	{float} {unit}	1	micromole per liter	Concentration of nitrogen (total)
MIXS:0000030	host_spec_range	host specificity or range	NCBI taxid	{integer}	m		The range and diversity of host species that an organism is capable of infecting, defined by NCBI taxonomy identifier.
MIXS:0000005	contam_screen_input	contamination screening input	enumeration	[reads| contigs]	1		The type of sequence data used as input
MIXS:0000008	experimental_factor	experimental factor	text or EFO and/or OBI	{termLabel} {[termID]}|{text}	1		Experimental factors are essentially the variable aspects of an experiment design which can be used to describe an experiment, or set of experiments, in an increasingly detailed manner. This field accepts ontology terms from Experimental Factor Ontology (EFO) and/or Ontology for Biomedical Investigations (OBI). For a browser of EFO (v 2.95) terms, please see http://purl.bioontology.org/ontology/EFO;for a browser of OBI (v 2018-02-12) terms please see http://purl.bioontology.org/ontology/OBI
MIXS:0000174	biomass	biomass	biomass type;measurement value	{text};{float} {unit}	m	ton, kilogram, gram	Amount of biomass;should include the name for the part of biomass measured, e.g. Microbial, total. Can include multiple measurements
MIXS:0000073	contam_screen_param	contamination screening parameters	enumeration;value or name	[ref db|kmer|coverage|combination];{text|integer}	1		Specific parameters used in the decontamination sofware, such as reference database, coverage, and kmers. Combinations of these parameters may also be used, i.e. kmer and coverage, or reference database and kmer
MIXS:0001146	air_flow_impede	local air flow impediments	enumeration;obstruction type;distance from sampling device	[obstructed|unobstructed];{text};{measurement value}	m		Presence of objects in the area that would influence or impede air flow through the air filter.
MIXS:0000038	nucl_acid_amp	nucleic acid amplification	PMID, DOI or URL	{PMID}|{DOI}|{URL}	1		A link to a literature reference, electronic resource or a standard operating procedure (SOP), that describes the enzymatic amplification (PCR, TMA, NASBA) of specific nucleic acids
MIXS:0000684	bac_resp	bacterial respiration	measurement value	{float} {unit}	1	milligram per cubic meter per day, micromole oxygen per liter per hour	Measurement of bacterial respiration in the water column
MIXS:0000728	primary_prod	primary production	measurement value	{float} {unit}	1	milligram per cubic meter per day, gram per square meter per day	Measurement of primary production, generally measured as isotope uptake
MIXS:0001137	food_trav_mode	food shipping transportation method	GENEPIO:0001064	{termLabel} {[termID]}	m		A descriptor for the method of movement of food commodity along the food distribution system. This field accepts terms listed under travel mode (http://purl.obolibrary.org/obo/GENEPIO_0001064). If the proper descrptor is not listed please use text to describe the mode of travel. Multiple terms can be separated by one or more pipes.
MIXS:0000108	air_PM_concen	air particulate matter concentration	particulate matter name;measurement value	{text};{float} {unit}	m	micrograms per cubic meter	Concentration of substances that remain suspended in the air, and comprise mixtures of organic and inorganic substances (PM10 and PM2.5);can report multiple PM's by entering numeric values preceded by name of PM
MIXS:0000578	root_med_macronutr	rooting medium macronutrients	macronutrient name;measurement value	{text};{float} {unit}	1	milligram per liter	Measurement of the culture rooting medium macronutrients (N,P, K, Ca, Mg, S);e.g. KH2PO4 (170 mg/L).
MIXS:0000184	silicate	silicate	measurement value	{float} {unit}	1	micromole per liter	Concentration of silicate
MIXS:0000178	diether_lipids	diether lipids	diether lipid name;measurement value	{text};{float} {unit}	m	nanogram per liter	Concentration of diether lipids;can include multiple types of diether lipids
MIXS:0001134	food_pack_medium	food packing medium	FOODON:03480020	{text}|{termLabel} {[termID]}	m		The medium in which the food is packed for preservation and handling or the medium surrounding homemade foods, e.g., peaches cooked in sugar syrup. The packing medium may provide a controlled environment for the food. It may also serve to improve palatability and consumer appeal. This includes edible packing media (e.g. fruit juice), gas other than air (e.g. carbon dioxide), vacuum packed, or packed with aerosol propellant. This field accepts terms under food packing medium (http://purl.obolibrary.org/obo/FOODON_03480020). Multiple terms may apply and can be separated by pipes.
MIXS:0001082	soil_horizon	soil horizon	enumeration	[O horizon|A horizon|E horizon|B horizon|C horizon|R layer|Permafrost]	1		Specific layer in the land area which measures parallel to the soil surface and possesses physical characteristics which differ from the layers above and beneath
MIXS:0000090	sop	relevant standard operating procedures	reference to SOP	{PMID}|{DOI}|{URL}	m		Standard operating procedures used in assembly and/or annotation of genomes, metagenomes or environmental sequences
MIXS:0000065	16s_recover	16S recovered	boolean	{boolean}	1		Can a 16S gene be recovered from the submitted SAG or MAG?
MIXS:0001129	animal_group_size	food animal group size	value	{integer}	1		The number of food animals of the same species that are maintained together as a unit, i.e. a herd or flock.
MIXS:0000044	target_gene	target gene	gene name	{text}	1		Targeted gene or locus name for marker gene studies
MIXS:0000116	samp_store_dur	sample storage duration	duration	{duration}	1		Duration for which the sample was stored. Indicate the duration for which the sample was stored written in ISO 8601 format.
MIXS:0000022	num_replicons	number of replicons	for eukaryotes and bacteria: chromosomes (haploid count);for viruses: segments	{integer}	1		Reports the number of replicons in a nuclear genome of eukaryotes, in the genome of a bacterium or archaea or the number of segments in a segmented virus. Always applied to the haploid chromosome count of a eukaryote
MIXS:0000092	project_name	project name	text	{text}	1		Name of the project within which the sequencing was organized.
MIXS:0000336	soil_texture_meth	soil texture method	PMID,DOI or url	{PMID}|{DOI}|{URL}	1		Reference or method used in determining soil texture
MIXS:0000024	estimated_size	estimated size	number of base pairs	{integer} bp	1		The estimated size of the genome prior to sequencing. Of particular importance in the sequencing of (eukaryotic) genome which could remain in draft form for a long or unspecified period.
MIXS:0000027	pathogenicity	known pathogenicity	names of organisms that the entity is pathogenic to	{text}	1		To what is the entity pathogenic
MIXS:0000070	compl_software	completeness software	names and versions of software(s) used	{software};{version}	1		Tools used for completion estimate, i.e. checkm, anvi'o, busco
MIXS:0000421	alkalinity	alkalinity	measurement value	{float} {unit}	1	milliequivalent per liter, milligram per liter	Alkalinity, the ability of a solution to neutralize acids to the equivalence point of carbonate or bicarbonate
MIXS:0000106	diss_inorg_phosp	dissolved inorganic phosphorus	measurement value	{float} {unit}	1	microgram per liter, milligram per liter, parts per million, micromole per liter	Concentration of dissolved inorganic phosphorus in the sample
MIXS:0001176	water_source_shared	water source shared	enumeration	[multiple users, agricutural|multiple users, other|no sharing]	m		Other users sharing access to the same water source. Multiple terms can be separated by one or more pipes.
MIXS:0001153	samp_pooling	sample pooling	text	{text}	m		Physical combination of several instances of like material, e.g. RNA extracted from samples or dishes of cell cultures into one big aliquot of cells. Please provide a short description of the samples that were pooled.
MIXS:0001086	fire	history/fire	date	{timestamp}	1		Historical and/or physical evidence of fire
MIXS:0000312	cur_vegetation	current vegetation	current vegetation type	{text}	1		Vegetation classification from one or more standard classification systems, or agricultural crop
MIXS:0000176	bromide	bromide	measurement value	{float} {unit}	1	parts per million	Concentration of bromide
MIXS:0000035	source_uvig	source of UViGs	enumeration	[metagenome (not viral targeted)|viral fraction metagenome (virome)|sequence-targeted metagenome|metatranscriptome (not viral targeted)|viral fraction RNA metagenome (RNA virome)|sequence-targeted RNA metagenome|microbial single amplified genome (SAG)|viral single amplified genome (vSAG)|isolate microbial genome|other]	1		Type of dataset from which the UViG was obtained
MIXS:0000029	specific_host	host scientific name	host scientific name, taxonomy ID	{text}|{NCBI taxid}	1		Report the host's taxonomic name and/or NCBI taxonomy ID.
MIXS:0000082	pred_genome_type	predicted genome type	enumeration	[DNA|dsDNA|ssDNA|RNA|dsRNA|ssRNA|ssRNA (+)|ssRNA (-)|mixed|uncharacterized]	1		Type of genome predicted for the UViG
MIXS:0000250	host_taxid	host taxid	NCBI taxon identifier	{NCBI taxid}	1		NCBI taxon id of the host, e.g. 9606.
MIXS:0000025	ref_biomaterial	reference for biomaterial	PMID, DOI or URL	{PMID}|{DOI}|{URL}	1		Primary publication if isolated before genome publication;otherwise, primary genome report.
MIXS:0000257	host_dry_mass	host dry mass	measurement value	{float} {unit}	1	kilogram, gram	Measurement of dry mass.
MIXS:0000325	pool_dna_extracts	pooling of DNA extracts (if done)	pooling status;number of pooled extracts	{boolean};{integer}	1		Indicate whether multiple DNA extractions were mixed. If the answer yes, the number of extracts that were pooled should be given
MIXS:0000049	pcr_cond	pcr conditions	initial denaturation:degrees_minutes;annealing:degrees_minutes;elongation:degrees_minutes;final elongation:degrees_minutes;total cycles	initial denaturation:degrees_minutes;annealing:degrees_minutes;elongation:degrees_minutes;final elongation:degrees_minutes;total cycles	1		Description of reaction conditions and components of PCR in the form of 'initial denaturation:94degC_1.5min;annealing=...'
MIXS:0000334	soil_type_meth	soil type method	PMID,DOI or url	{PMID}|{DOI}|{URL}	1		Reference or method used in determining soil series name or other lower-level classification.
MIXS:0000365	host_genotype	host genotype	genotype	{text}	1		Observed genotype.
MIXS:0000037	nucl_acid_ext	nucleic acid extraction	PMID, DOI or URL	{PMID}|{DOI}|{URL}	1		A link to a literature reference, electronic resource or a standard operating procedure (SOP), that describes the material separation to recover the nucleic acid fraction from a sample.
MIXS:0001061	root_cond	rooting conditions	PMID,DOI,url or free text	{PMID}|{DOI}|{URL}|{text}	1		Relevant rooting conditions such as field plot size, sowing density, container dimensions, number of plants per container.
MIXS:0001182	food_clean_proc	food cleaning process	enumeration	[drum and drain|manual spinner|rinsed with sanitizer solution|rinsed with water|scrubbed with brush|scrubbed with hand|soaking]	m		The process of cleaning food to separate other environmental materials from the food source. Multiple terms can be separated by pipes.
MIXS:0001138	food_trav_vehic	Food shipping transportation vehicle	ENVO:01000604	{text}|{termLabel} {[termID]}	m		A descriptor for the mobile machine which is used to transport food commodities along the food distribution system. This field accepts terms listed under vehicle (http://purl.obolibrary.org/obo/ENVO_01000604). If the proper descrptor is not listed please use text to describe the mode of travel. Multiple terms can be separated by one or more pipes.
MIXS:0000502	mean_peak_frict_vel	mean peak friction velocity	measurement value	{float} {unit}	1	meter per second	Measurement of mean peak friction velocity
MIXS:0000036	virus_enrich_appr	virus enrichment approach	enumeration	[filtration|ultrafiltration|centrifugation|ultracentrifugation|PEG Precipitation|FeCl Precipitation|CsCl density gradient|DNAse|RNAse|targeted sequence capture|other|none]	1		List of approaches used to enrich the sample for viruses, if any
MIXS:0000063	sim_search_meth	similarity search method	names and versions of software(s), parameters used	{software};{version};{parameters}	1		Tool used to compare ORFs with database, along with version and cutoffs used
MIXS:0000180	phaeopigments	phaeopigments	phaeopigment name;measurement value	{text};{float} {unit}	m	milligram per cubic meter	Concentration of phaeopigments;can include multiple phaeopigments
MIXS:0000331	local_class_meth	soil_taxonomic/local classification method	PMID,DOI or url	{PMID}|{DOI}|{URL}	1		Reference or method used in determining the local soil classification
MIXS:0000050	seq_meth	sequencing method	Text or OBI	{termLabel} {[termID]}|{text}	1		Sequencing machine used. Where possible the term should be taken from the OBI list of DNA sequencers (http://purl.obolibrary.org/obo/OBI_0400103).
MIXS:0000011	collection_date	collection date	date and time	{timestamp}	1		The time of sampling, either as an instance (single point in time) or interval. In case no exact time is available, the date/time can be right truncated i.e. all of these are valid times: 2008-01-23T19:23:10+00:00;2008-01-23T19:23:10;2008-01-23;2008-01;2008;Except: 2008-01;2008 all are ISO8601 compliant.
MIXS:0000064	tax_class	taxonomic classification	classification method, database name, and other parameters	{text}	1		Method used for taxonomic classification, along with reference database used, classification rank, and thresholds used to classify new genomes
MIXS:0000088	host_pred_appr	host prediction approach	enumeration	[provirus|host sequence similarity|CRISPR spacer match|kmer similarity|co-occurrence|combination|other]	1		Tool or approach used for host prediction
MIXS:0000339	micro_biomass_meth	microbial biomass method	PMID,DOI or url	{PMID}|{DOI}|{URL}	1		Reference or method used in determining microbial biomass
MIXS:0000173	bacteria_carb_prod	bacterial carbon production	measurement value	{float} {unit}	1	nanogram per hour, microgram per liter per hour	Measurement of bacterial carbon production
MIXS:0000086	otu_seq_comp_appr	OTU sequence comparison approach	software name, version and relevant parameters	{software};{version};{parameters}	1		"Tool and thresholds used to compare sequences when computing ""species-level"" OTUs"
MIXS:0001111	plant_water_method	plant water delivery method	AGRO_00000006	{termLabel} {[termID]}	1		Description of the equipment or method used to distribute water to crops. This field accepts termed listed under irrigation process (http://purl.obolibrary.org/obo/AGRO_00000006). Multiple terms can be separated by pipes.
MIXS:0000744	tot_diss_nitro	total dissolved nitrogen	measurement value	{float} {unit}	1	microgram per liter	Total dissolved nitrogen concentration, reported as nitrogen, measured by: total dissolved nitrogen = NH4 + NO3NO2 + dissolved organic nitrogen
MIXS:0000329	link_class_info	link to classification information	PMID,DOI or url	{PMID}|{DOI}|{URL}	1		Link to digitized soil maps or other soil classification information
MIXS:0000112	solar_irradiance	mean seasonal solar irradiance	measurement value	{float} {unit}	m	kilowatts per square meter per day, ergs per square centimeter per second	The amount of solar energy that arrives at a specific area of a surface during a specific time interval
MIXS:0000436	diss_carb_dioxide	dissolved carbon dioxide	measurement value	{float} {unit}	1	micromole per liter, milligram per liter	Concentration of dissolved carbon dioxide in the sample or liquid portion of the sample
MIXS:0000264	host_height	host height	measurement value	{float} {unit}	1	centimeter, millimeter, meter	The height of subject.
MIXS:0000048	adapters	adapters	adapter A and B sequence	{dna};{dna}	1		Adapters provide priming sequences for both amplification and sequencing of the sample-library fragments. Both adapters should be reported;in uppercase letters
MIXS:0000692	conduc	conductivity	measurement value	{float} {unit}	1	milliSiemens per centimeter	Electrical conductivity of water.
MIXS:0000087	otu_db	OTU database	database and version	{database};{version}	1		"Reference database (i.e. sequences not generated as part of the current study) used to cluster new genomes in ""species-level"" OTUs, if any"
MIXS:0001130	animal_diet	food animal source diet	text or FOODON_03309997	{text}	m		If the isolate is from a food animal, the type of diet eaten by the food animal. Please list the main food staple and the setting, if appropriate. For a list of acceptable animal feed terms or categories, please see http://www.feedipedia.org. Multiple terms may apply and can be separated by pipes |Food product for animal covers foods intended for consumption by domesticated animals. Consult http://purl.obolibrary.org/obo/FOODON_03309997. If the proper descriptor is not listed please use text to describe the food type. Multiple terms can be separated by one or more pipes. If the proper descriptor is not listed please use text to describe the food product type.
MIXS:0001158	soil_conductivity	soil conductivity	measurement value	{float} {unit}	1	milliSiemens per centimeter	Conductivity of soil at time of sampling.
MIXS:0000089	host_pred_est_acc	host prediction estimated accuracy	false discovery rate	{text}	1		For each tool or approach used for host prediction, estimated false discovery rates should be included, either computed de novo or from the literature
MIXS:0000753	oxy_stat_samp	oxygenation status of sample	enumeration	[aerobic|anaerobic|other]	1		Oxygenation status of sample
MIXS:0001114	animal_intrusion	animal intrusion near sample source	NCIT:C14250 or NCBI taxid	{termLabel} {[termID]}|{integer}	m		Identification of animals intruding on the sample or sample site including invertebrates (such as pests or pollinators) and vertebrates (such as wildlife or domesticated animals). This field accepts terms under organism (http://purl.obolibrary.org/obo/NCIT_C14250). This field also accepts identification numbers from NCBI under https://www.ncbi.nlm.nih.gov/taxonomy. Multiple terms can be separated by pipes.
MIXS:0000091	associated resource	relevant electronic resources	reference to resource	{PMID} | {DOI} | {URL}	m		A related resource that is referenced, cited, or otherwise associated to the sequence. 
MIXS:0001117	cult_result	culture result	enumeration	[absent|active|inactive|negative|no|present|positive|yes]	1		Any result of a bacterial culture experiment reported as a binary assessment such as positive/negative, active/inactive.
MIXS:0000642	annual_temp	mean annual temperature	measurement value	{float} {unit}	1	degree Celsius	Mean annual temperature
MIXS:0000750	tidal_stage	tidal stage	enumeration	[low tide|ebb tide|flood tide|high tide]	1		Stage of tide
MIXS:0001118	cult_result_org	culture result organism	NCIT:C14250 or NCBI taxid	{TermLabel} {[termID]}|{integer}	m		Taxonomic information about the cultured organism(s).
MIXS:0001156	sequencing_location	sequencing location	text	{text}	1		The location the sequencing run was performed. Indicate the name of the lab or core facility where samples were sequenced.
MIXS:0000117	tot_phosp	total phosphorus	measurement value	{float} {unit}	1	micromole per liter, milligram per liter, parts per million	Total phosphorus concentration in the sample, calculated by: total phosphorus = total dissolved phosphorus + particulate phosphorus
MIXS:0000010	geo_loc_name	geographic location (country and/or sea,region)	country or sea name (INSDC or GAZ): region(GAZ), specific location name	{term}: {term}, {text}	1		The geographical origin of the sample as defined by the country or sea name followed by specific region name. Country or sea names should be chosen from the INSDC country list (http://insdc.org/country.html), or the GAZ ontology (http://purl.bioontology.org/ontology/GAZ).
MIXS:0000058	assembly_software	assembly software	name and version of software, parameters used	{software};{version};{parameters}	1		Tool(s) used for assembly, including version number and parameters
MIXS:0000644	annual_precpt	mean annual precipitation	measurement value	{float} {unit}	1	millimeter	The average of all annual precipitation values known, or an estimated equivalent value derived by such methods as regional indexes or Isohyetal maps.
MIXS:0001174	water_frequency	water delivery frequency	rate	{float}{unit}	1	per day, per week, per month	Number of water delivery events within a given period of time.
MIXS:0000859	genetic_mod	genetic modification	PMID, DOI, or URL	{PMID}|{DOI}|{URL}	m		Genetic modifications of the genome of an organism, which may occur naturally by spontaneous mutation, or be introduced by some experimental means, e.g. specification of a transgene or the gene knocked-out or details of transient transfection.
MIXS:0001151	samp_purpose	purpose of sampling	enumeration or {text}	[active surveillance in response to an outbreak|active surveillance not initiated by an outbreak|clinical trial|cluster investigation|environmental assessment|farm sample|field trial|for cause|industry internal investigation|market sample|passive surveillance|population based studies|research|research and development] or {text}	1		The reason that the sample was collected.
MIXS:0001097	atmospheric_data	atmospheric data	atmospheric data name;measurement value	{text};{float} {unit}	m		Measurement of atmospheric data;can include multiple data
MIXS:0000181	phosplipid_fatt_acid	phospholipid fatty acid	phospholipid fatty acid name;measurement value	{text};{float} {unit}	m	mole per gram, mole per liter, milligram per liter	Concentration of phospholipid fatty acids;can include multiple values
MIXS:0000431	magnesium	magnesium	measurement value	{float} {unit}	1	mole per liter, milligram per liter, parts per million, micromole per kilogram	Concentration of magnesium in the sample
MIXS:0001119	cult_target	culture target microbial analyte	NCIT:C14250 or NCBI taxid or culture independent	{TermLabel} {[termID]}|{integer}	m		The target microbial analyte in terms of investigation scope. This field accepts terms under organism (http://purl.obolibrary.org/obo/NCIT_C14250). This field also accepts identification numbers from NCBI under https://www.ncbi.nlm.nih.gov/taxonomy.
MIXS:0000015	rel_to_oxygen	relationship to oxygen	enumeration	[aerobe|anaerobe|facultative|microaerophilic|microanaerobe|obligate aerobe|obligate anaerobe]	1		Is this organism an aerobe, anaerobe? Please note that aerobic and anaerobic are valid descriptors for microbial environments
MIXS:0001180	animal_housing	animal housing system	EOL:0001605	{termLabel} {[termID]}	m		Description of the housing system of the livestock. This field accepts terms listed under terrestrial management housing system (http://opendata.inra.fr/EOL/EOL_0001605).
MIXS:0000412	pressure	pressure	measurement value	{float} {unit}	1	atmosphere	Pressure to which the sample is subject to, in atmospheres
MIXS:0000033	propagation	propagation	for virus: lytic, lysogenic, temperate, obligately lytic;for plasmid: incompatibility group;for eukaryote: asexual, sexual;other more specific values (e.g., incompatibility group) are allowed	{text}	1		The type of reproduction from the parent stock. Values for this field is specific to different taxa. For phage or virus: lytic/lysogenic/temperate/obligately lytic. For plasmids: incompatibility group. For eukaryotes: sexual/asexual. 
MIXS:0000577	root_med_carbon	rooting medium carbon	carbon source name;measurement value	{text};{float} {unit}	1	milligram per liter	Source of organic carbon in the culture rooting medium;e.g. sucrose.
MIXS:0000172	aminopept_act	aminopeptidase activity	measurement value	{float} {unit}	1	mole per liter per hour	Measurement of aminopeptidase activity
MIXS:0000118	wind_speed	wind speed	measurement value	{float} {unit}	1	kilometer per hour	speed of wind measured at the time of sampling.
MIXS:0001110	farm_water_source	farm watering water source	enumeration	[freshwater|brackish|saline|natural|manmade|estuary|lake|pond|canal|stream|river|melt pond|well|ditch|reservior|collected rainwater|municipal|storage tank]	m		Source of water used on the farm for irrigation of crops or watering of livestock.
MIXS:0000179	diss_hydrogen	dissolved hydrogen	measurement value	{float} {unit}	1	micromole per liter	Concentration of dissolved hydrogen
MIXS:0000435	density	density	measurement value	{float} {unit}	1	gram per cubic meter, gram per cubic centimeter, kilogram per cubic meter	Density of the sample, which is its mass per unit volume (aka volumetric mass density)
MIXS:0001155	sequencing_kit	sequencing kit	name of sequencing kit used	{text}	1		Pre-filled, ready-to-use reagent cartridges. Used to produce improved chemistry, cluster density and read length as well as improve quality (Q) scores. Reagent components are encoded to interact with the sequencing system to validate compatibility with user-defined applications. Indicate name of the sequencing kit.
MIXS:0000725	photon_flux	photon flux	measurement value	{float} {unit}	1	number of photons per second per unit area	Measurement of photon flux
MIXS:0000505	phosphate	phosphate	measurement value	{float} {unit}	1	micromole per liter	Concentration of phosphate
MIXS:0001120	plant_part_maturity	degree of plant part maturity	FOODON:03530050	{term label}{term ID}	1		A description of the stage of development of a plant or plant part based on maturity or ripeness. This field accepts terms listed under degree of plant maturity (http://purl.obolibrary.org/obo/FOODON_03530050).
MIXS:0000341	salinity_meth	salinity method	PMID,DOI or url	{PMID}|{DOI}|{URL}	1		Reference or method used in determining salinity.
MIXS:0000072	contam_score	contamination score	value	{float} percentage	1		The contamination score is based on the fraction of single-copy genes that are observed more than once in a query genome. The following scores are acceptable for;High Quality Draft: < 5%, Medium Quality Draft: < 10%, Low Quality Draft: < 10%. Contamination must be below 5% for a SAG or MAG to be deposited into any of the public databases
MIXS:0000255	host_age	host age	value	{float} {unit}	1	year, day, hour	Age of host at the time of sampling;relevant scale depends on species and study, e.g. Could be seconds for amoebae or centuries for trees.
MIXS:0000051	seq_quality_check	sequence quality check	none or manually edited	[none|manually edited]	1		Indicate if the sequence has been called by automatic systems (none) or undergone a manual editing procedure (e.g. by inspecting the raw data or chromatograms). Applied only for sequences that are not submitted to SRA,ENA or DRA
MIXS:0001140	food_treat_proc	food treatment process	FOODON:03460111	{text}|{termLabel} {[termID]}	m		Used to specifically characterize a food product based on the treatment or processes applied to the product or any indexed ingredient. The processes include adding, substituting or removing components or modifying the food or component, e.g., through fermentation. Multiple values can be assigned. This fields accepts terms listed under food treatment process (http://purl.obolibrary.org/obo/FOODON_03460111).
MIXS:0000247	ances_data	ancestral data	text	{text}	1		Information about either pedigree or other ancestral information description (e.g. parental variety in case of mutant or selection), e.g. A/3*B (meaning [(A x B) x B] x B).
MIXS:0000490	alkyl_diethers	alkyl diethers	measurement value	{float} {unit}	1	mole per liter, microgram per gram sample	Concentration of alkyl diethers
MIXS:0001124	farm_equip_san	farm equipment sanitization	text or commercial name of sanitizer or class of sanitizer or active ingredient in sanitizer	{text} {float} {unit}	m	parts per million	Method used to sanitize growing and harvesting equipment. This can including type and concentration of sanitizing solution. Multiple terms can be separated by one or more pipes.
MIXS:0000703	down_par	downward PAR	measurement value	{float} {unit}	1	microEinstein per square meter per second, microEinstein per square centimeter per second	Visible waveband radiance and irradiance measurements in the water column
MIXS:0001159	soil_cover	soil cover	ENVO:00010483	{termLabel} {[termID]}	1		Description of the material covering the sampled soil. This field accepts terms under ENVO:00010483, environmental material.
MIXS:0000069	compl_score	completeness score	quality;percent completeness	[high|med|low];{percentage}	1		Completeness score is typically based on either the fraction of markers found as compared to a database or the percent of a genome found as compared to a closely related reference genome. High Quality Draft: >90%, Medium Quality Draft: >50%, and Low Quality Draft: < 50% should have the indicated completeness scores
MIXS:0000340	link_addit_analys	links to additional analysis	PMID,DOI or url	{PMID}|{DOI}|{URL}	1		Link to additional analysis results performed on the sample
MIXS:0001083	fao_class	soil_taxonomic/FAO classification	enumeration	[Acrisols|Andosols|Arenosols|Cambisols|Chernozems|Ferralsols|Fluvisols|Gleysols|Greyzems|Gypsisols|Histosols|Kastanozems|Lithosols|Luvisols|Nitosols|Phaeozems|Planosols|Podzols|Podzoluvisols|Rankers|Regosols|Rendzinas|Solonchaks|Solonetz|Vertisols|Yermosols]	1		Soil classification from the FAO World Reference Database for Soil Resources. The list can be found at http://www.fao.org/nr/land/sols/soil/wrb-soil-maps/reference-groups
MIXS:0001144	intended_consumer	intended consumer	FOODON_03510136 or NCBI taxid	{integer}|{termLabel} {[termID]}        	m		Food consumer type, human or animal, for which the food product is produced and marketed. This field accepts terms listed under food consumer group (http://purl.obolibrary.org/obo/FOODON_03510136) or NCBI taxid.
MIXS:0000738	soluble_react_phosp	soluble reactive phosphorus	measurement value	{float} {unit}	1	micromole per liter, milligram per liter, parts per million	Concentration of soluble reactive phosphorus
MIXS:0001116	crop_yield	crop yield	measurement value	{float}{unit}	1	kilogram per metre square	Amount of crop produced per unit or area of land.
MIXS:0000110	samp_store_temp	sample storage temperature	measurement value	{float} {unit}	1	degree Celsius	Temperature at which sample was stored, e.g. -80 degree Celsius.
MIXS:0000318	crop_rotation	history/crop rotation	crop rotation status;schedule	{boolean};{Rn/start_time/end_time/duration}	1		Whether or not crop is rotated, and if yes, rotation schedule.
MIXS:0001052	mechanical_damage	mechanical damage	damage type;body site	{text};{text}	m		Information about any mechanical damage exerted on the plant;can include multiple damages and sites.
MIXS:0001160	soil_pH	soil pH	measurement value	{float}	1		The pH of soil at time of sampling.
MIXS:0000434	diss_inorg_carb	dissolved inorganic carbon	measurement value	{float} {unit}	1	microgram per liter, milligram per liter, parts per million, micromole per kilogram	Dissolved inorganic carbon concentration in the sample, typically measured after filtering the sample using a 0.45 micrometer filter
MIXS:0001085	drainage_class	drainage classification	enumeration	[very poorly|poorly|somewhat poorly|moderately well|well|excessively drained]	1		Drainage classification from a standard system such as the USDA system
MIXS:0000706	light_intensity	light intensity	measurement value	{float} {unit}	1	lux	Measurement of light intensity
MIXS:0000078	bin_software	binning software	names and versions of software(s) used	{software};{version}{PID}	1		Tool(s) used for the extraction of genomes from metagenomic datasets, where possible include a product ID (PID) of the tool(s) used.
MIXS:0000041	lib_layout	library layout	enumeration	[paired|single|vector|other]	1		Specify whether to expect single, paired, or other configuration of reads
MIXS:0000113	temp	temperature	measurement value	{float} {unit}	1	degree Celsius	Temperature of the sample at the time of sampling.
MIXS:0000425	nitrate	nitrate	measurement value	{float} {unit}	1	micromole per liter, milligram per liter, parts per million, micromole per kilogram	Concentration of nitrate in the sample
MIXS:0000034	encoded_traits	encoded traits	for plasmid: antibiotic resistance;for phage: converting genes	{text}	1		Should include key traits like antibiotic resistance or xenobiotic degradation phenotypes for plasmids, converting genes for phage
MIXS:0000430	potassium	potassium	measurement value	{float} {unit}	1	milligram per liter, parts per million	Concentration of potassium in the sample
MIXS:0000428	sodium	sodium	measurement value	{float} {unit}	1	milligram per liter, parts per million	Sodium concentration in the sample
MIXS:0001162	soil_porosity	soil sediment porosity	percent porosity	{percentage}	1	percentage	Porosity of soil or deposited sediment is volume of voids divided by the total volume of sample.
MIXS:0001139	food_source	food source	FOODON term	{termLabel} {[termID]}	1		Type of plant or animal from which the food product or its major ingredient is derived or a chemical food source [FDA CFSAN 1995].
MIXS:0001179	IFSAC_category	Interagency Food Safety Analytics Collaboration (IFSAC) category	IFSAC term	{text}	m		The IFSAC food categorization scheme has five distinct levels to which foods can be assigned, depending upon the type of food. First, foods are assigned to one of four food groups (aquatic animals, land animals, plants, and other). Food groups include increasingly specific food categories;dairy, eggs, meat and poultry, and game are in the land animal food group, and the category meat and poultry is further subdivided into more specific categories of meat (beef, pork, other meat) and poultry (chicken, turkey, other poultry). Finally, foods are differentiated by differences in food processing (such as pasteurized fluid dairy products, unpasteurized fluid dairy products, pasteurized solid and semi-solid dairy products, and unpasteurized solid and semi-solid dairy products. An IFSAC food category chart is available from https://www.cdc.gov/foodsafety/ifsac/projects/food-categorization-scheme.html PMID: 28926300.
MIXS:0000071	compl_appr	completeness approach	text	[marker gene|reference based|other]	1		The approach used to determine the completeness of a given genomic assembly, which would typically make use of a set of conserved marker genes or a closely related reference genome. For UViG completeness, include reference genome or group used, and contig feature suggesting a complete genome
MIXS:0000639	agrochem_addition	history/agrochemical additions	agrochemical name;agrochemical amount;timestamp	{text};{float} {unit};{timestamp}	m	gram, mole per liter, milligram per liter	Addition of fertilizers, pesticides, etc. - amount and time of applications
MIXS:0000012	env_broad_scale	broad-scale environmental context	The major environment type(s) where the sample was collected.	{termLabel} {[termID]}	1		Report the major environmental system the sample or specimen came from. The system(s) identified should have a coarse spatial grain, to provide the general environmental context of where the sampling was done (e.g. in the desert or a rainforest). We recommend using subclasses of EnvO’s biome class: http://purl.obolibrary.org/obo/ENVO_00000428. EnvO documentation about how to use the field: https://github.com/EnvironmentOntology/envo/wiki/Using-ENVO-with-MIxS
MIXS:0000075	sort_tech	sorting technology	enumeration	[flow cytometric cell sorting|microfluidics|lazer-tweezing|optical manipulation|micromanipulation|other]	1		Method used to sort/isolate cells or particles of interest
MIXS:0000516	petroleum_hydrocarb	petroleum hydrocarbon	measurement value	{float} {unit}	1	micromole per liter	Concentration of petroleum hydrocarbon
MIXS:0000755	samp_store_loc	sample storage location	location name	{text}	1		Location at which sample was stored, usually name of a specific freezer/room
MIXS:0000119	diss_oxygen	dissolved oxygen	measurement value	{float} {unit}	1	micromole per kilogram, milligram per liter	Concentration of dissolved oxygen
MIXS:0000046	pcr_primers	pcr primers	FWD: forward primer sequence;REV:reverse primer sequence	FWD:{dna};REV:{dna}	1		PCR primers that were used to amplify the sequence of the targeted gene, locus or subfragment. This field should contain all the primers used for a single PCR reaction if multiple forward or reverse primers are present in a single PCR reaction. The primer sequence should be reported in uppercase letters
MIXS:0000094	alt	altitude	measurement value	{float} {unit}	1		Altitude is a term used to identify heights of objects such as airplanes, space shuttles, rockets, atmospheric balloons and heights of places such as atmospheric layers and clouds. It is used to measure the height of an object which is above the earth's surface. In this context, the altitude measurement is the vertical distance between the earth's surface above sea level and the sampled position in the air
MIXS:0000508	org_carb	organic carbon	measurement value	{float} {unit}	1	micromole per liter, microgram per liter	Concentration of organic carbon
MIXS:0000683	bac_prod	bacterial production	measurement value	{float} {unit}	1	milligram per cubic meter per day	Bacterial production in the water column measured by isotope uptake
MIXS:0000426	nitrite	nitrite	measurement value	{float} {unit}	1	micromole per liter, milligram per liter, parts per million, micromole per kilogram	Concentration of nitrite in the sample
MIXS:0001123	farm_equip_shared	equipment shared with other farms	AGRO:00000416	{termLabel} {[termID]}	m		List of planting, growing or harvesting equipment shared with other farms. This field accepts terms listed under agricultural implement (http://purl.obolibrary.org/obo/AGRO_00000416). Multiple terms can be separated by pipes.
MIXS:0000607	al_sat	extreme_unusual_properties/Al saturation	measurement value	{float} {unit}	1	percentage	Aluminum saturation (esp. For tropical soils)
MIXS:0000006	wga_amp_kit	WGA amplification kit	kit name	{text}	1		Kit used to amplify genomic DNA in preparation for sequencing
MIXS:0000054	single_cell_lysis_prot	single cell or viral particle lysis kit protocol	kit, protocol name	{text}	1		Name of the kit or standard protocol used for cell(s) or particle(s) lysis
MIXS:0001335	spikein_count	spike-in organism count	organism name;measurement value;enumeration	{text};{float} {unit};[ATP|MPN|qPCR|other]	1	colony forming units per milliliter;colony forming units per gram of dry weight	Total cell count of any organism (or group of organisms) per gram, volume or area of sample, should include name of organism followed by count. The method that was used for the enumeration (e.g. qPCR, atp, mpn, etc.) should also be provided (example: total prokaryotes;3.5e7 cells per ml;qPCR).
MIXS:0000162	diss_org_nitro	dissolved organic nitrogen	measurement value	{float} {unit}	1	micromole per liter, microgram per liter, milligram per liter	Dissolved organic nitrogen concentration measured as;total dissolved nitrogen - NH4 - NO3 - NO2
MIXS:0000314	cur_vegetation_meth	current vegetation method	PMID,DOI or url	{PMID}|{DOI}|{URL}	1		Reference or method used in vegetation classification
MIXS:0000017	size_frac	size fraction selected	filter size value range	{float}-{float} {unit}	1		Filtering pore size used in sample preparation
MIXS:0000016	samp_mat_process	sample material processing	text	{text}	1		A brief description of any processing applied to the sample during or after retrieving the sample from environment, or a link to the relevant protocol(s) performed.
MIXS:0000055	wga_amp_appr	WGA amplification approach	enumeration	[pcr based|mda based]	1		Method used to amplify genomic DNA in preparation for sequencing
MIXS:0000079	reassembly_bin	reassembly post binning	boolean	{boolean}	1		Has an assembly been performed on a genome bin extracted from a metagenomic assembly?
MIXS:0000076	single_cell_lysis_appr	single cell or viral particle lysis approach	enumeration	[chemical|enzymatic|physical|combination]	1		Method used to free DNA from interior of the cell(s) or particle(s)
MIXS:0000013	env_local_scale	local environmental context	Environmental entities having causal influences upon the entity at time of sampling.	{termLabel} {[termID]}	1		Report the entity or entities which are in the sample or specimen’s local vicinity and which you believe have significant causal influences on your sample or specimen. We recommend using EnvO terms which are of smaller spatial grain than your entry for env_broad_scale. Terms, such as anatomical sites, from other OBO Library ontologies which interoperate with EnvO (e.g. UBERON) are accepted in this field. EnvO documentation about how to use the field: https://github.com/EnvironmentOntology/envo/wiki/Using-ENVO-with-MIxS. 
MIXS:0001175	water_pH	water pH	measurement value	{float}	1		pH measurement of the sample, or liquid portion of sample, or aqueous phase of the fluid.
MIXS:0000042	lib_vector	library vector	vector	{text}	1		Cloning vector type(s) used in construction of libraries
MIXS:0000751	chem_administration	chemical administration	CHEBI;timestamp	{termLabel} {[termID]};{timestamp}	m		List of chemical compounds administered to the host or site where sampling occurred, and when (e.g. Antibiotics, n fertilizer, air filter);can include multiple compounds. For chemical entities of biological interest ontology (chebi) (v 163), http://purl.bioontology.org/ontology/chebi.
MIXS:0000014	env_medium	environmental medium	The material displaced by the entity at time of sampling	{termLabel} {[termID]}	1		Report the environmental material(s) immediately surrounding the sample or specimen at the time of sampling. We recommend using subclasses of 'environmental material' (http://purl.obolibrary.org/obo/ENVO_00010483). EnvO documentation about how to use the field: https://github.com/EnvironmentOntology/envo/wiki/Using-ENVO-with-MIxS . Terms from other OBO ontologies are permissible as long as they reference mass/volume nouns (e.g. air, water, blood) and not discrete, countable entities (e.g. a tree, a leaf, a table top).
MIXS:0000191	turbidity	turbidity	measurement value	{float} {unit}	1	formazin turbidity unit, formazin nephelometric units, nephelometric turbidity units	Measure of the amount of cloudiness or haziness in water caused by individual particles.
