class	Structured comment name	recommended	required
> class	slot	recommended	required
Air	samp_name		TRUE
Air	project_name		TRUE
Air	alt		TRUE
Air	elev	TRUE	
Air	barometric_press		
Air	carb_dioxide		
Air	carb_monoxide		
Air	chem_administration		
Air	humidity		
Air	methane		
Air	organism_count		
Air	oxygen		
Air	oxy_stat_samp		
Air	perturbation		
Air	pollutants		
Air	air particulate matter concentration		
Air	salinity		
Air	samp_store_dur		
Air	samp_store_loc		
Air	samp_store_temp		
Air	samp_vol_we_dna_ext		
Air	solar_irradiance		
Air	temp		
Air	ventilation_rate		
Air	ventilation_type		
Air	volatile_org_comp		
Air	wind_direction		
Air	wind_speed		
Air	misc_param		
BuiltEnvironment	samp_name		TRUE
BuiltEnvironment	project_name		TRUE
BuiltEnvironment	surf_material	TRUE	
BuiltEnvironment	surf_air_cont	TRUE	
BuiltEnvironment	rel_air_humidity		TRUE
BuiltEnvironment	abs_air_humidity		TRUE
BuiltEnvironment	surf_humidity	TRUE	
BuiltEnvironment	air_temp		TRUE
BuiltEnvironment	surf_temp	TRUE	
BuiltEnvironment	surf_moisture_ph	TRUE	
BuiltEnvironment	build_occup_type		TRUE
BuiltEnvironment	surf_moisture	TRUE	
BuiltEnvironment	dew_point		
BuiltEnvironment	carb_dioxide		TRUE
BuiltEnvironment	ventilation_type		TRUE
BuiltEnvironment	organism_count		TRUE
BuiltEnvironment	indoor_space		TRUE
BuiltEnvironment	indoor_surf	TRUE	
BuiltEnvironment	filter_type		TRUE
BuiltEnvironment	heat_cool_type		TRUE
BuiltEnvironment	substructure_type		
BuiltEnvironment	building_setting		TRUE
BuiltEnvironment	light_type		TRUE
BuiltEnvironment	samp_sort_meth		
BuiltEnvironment	space_typ_state		TRUE
BuiltEnvironment	typ_occup_density		TRUE
BuiltEnvironment	occup_samp		TRUE
BuiltEnvironment	occup_density_samp		TRUE
BuiltEnvironment	address		
BuiltEnvironment	adj_room		
BuiltEnvironment	aero_struc		
BuiltEnvironment	amount_light		
BuiltEnvironment	arch_struc		
BuiltEnvironment	avg_occup		
BuiltEnvironment	avg_dew_point		
BuiltEnvironment	avg_temp		
BuiltEnvironment	bathroom_count		
BuiltEnvironment	bedroom_count		
BuiltEnvironment	built_struc_age		
BuiltEnvironment	built_struc_set		
BuiltEnvironment	built_struc_type		
BuiltEnvironment	ceil_area		
BuiltEnvironment	ceil_cond		
BuiltEnvironment	ceil_finish_mat		
BuiltEnvironment	ceil_water_mold		
BuiltEnvironment	ceil_struc		
BuiltEnvironment	ceil_texture		
BuiltEnvironment	ceil_thermal_mass		
BuiltEnvironment	ceil_type		
BuiltEnvironment	cool_syst_id		
BuiltEnvironment	date_last_rain		
BuiltEnvironment	build_docs		
BuiltEnvironment	door_size		
BuiltEnvironment	door_cond		
BuiltEnvironment	door_direct		
BuiltEnvironment	door_loc		
BuiltEnvironment	door_mat		
BuiltEnvironment	door_move		
BuiltEnvironment	door_water_mold		
BuiltEnvironment	door_type		
BuiltEnvironment	door_comp_type		
BuiltEnvironment	door_type_metal		
BuiltEnvironment	door_type_wood		
BuiltEnvironment	drawings		
BuiltEnvironment	elevator		
BuiltEnvironment	escalator		
BuiltEnvironment	exp_duct		
BuiltEnvironment	exp_pipe		
BuiltEnvironment	ext_door		
BuiltEnvironment	fireplace_type		
BuiltEnvironment	floor_age		
BuiltEnvironment	floor_area		
BuiltEnvironment	floor_cond		
BuiltEnvironment	floor_count		
BuiltEnvironment	floor_finish_mat		
BuiltEnvironment	floor_water_mold		
BuiltEnvironment	floor_struc		
BuiltEnvironment	floor_thermal_mass		
BuiltEnvironment	freq_clean		
BuiltEnvironment	freq_cook		
BuiltEnvironment	furniture		
BuiltEnvironment	gender_restroom		
BuiltEnvironment	hall_count		
BuiltEnvironment	handidness		
BuiltEnvironment	heat_deliv_loc		
BuiltEnvironment	heat_sys_deliv_meth		
BuiltEnvironment	heat_system_id		
BuiltEnvironment	height_carper_fiber		
BuiltEnvironment	inside_lux		
BuiltEnvironment	int_wall_cond		
BuiltEnvironment	last_clean		
BuiltEnvironment	max_occup		
BuiltEnvironment	mech_struc		
BuiltEnvironment	number_plants		
BuiltEnvironment	number_pets		
BuiltEnvironment	number_resident		
BuiltEnvironment	occup_document		
BuiltEnvironment	ext_wall_orient		
BuiltEnvironment	ext_window_orient		
BuiltEnvironment	rel_humidity_out		
BuiltEnvironment	pres_animal_insect		
BuiltEnvironment	quad_pos		
BuiltEnvironment	rel_samp_loc		
BuiltEnvironment	room_air_exch_rate		
BuiltEnvironment	room_architec_elem		
BuiltEnvironment	room_condt		
BuiltEnvironment	room_count		
BuiltEnvironment	room_dim		
BuiltEnvironment	room_door_dist		
BuiltEnvironment	room_loc		
BuiltEnvironment	room_moist_dam_hist		
BuiltEnvironment	room_net_area		
BuiltEnvironment	room_occup		
BuiltEnvironment	room_samp_pos		
BuiltEnvironment	room_type		
BuiltEnvironment	room_vol		
BuiltEnvironment	room_window_count		
BuiltEnvironment	room_connected		
BuiltEnvironment	room_hallway		
BuiltEnvironment	room_door_share		
BuiltEnvironment	room_wall_share		
BuiltEnvironment	samp_weather		
BuiltEnvironment	samp_floor		
BuiltEnvironment	samp_room_id		
BuiltEnvironment	samp_time_out		
BuiltEnvironment	season		
BuiltEnvironment	season_use		
BuiltEnvironment	shading_device_cond		
BuiltEnvironment	shading_device_loc		
BuiltEnvironment	shading_device_mat		
BuiltEnvironment	shad_dev_water_mold		
BuiltEnvironment	shading_device_type		
BuiltEnvironment	specific_humidity		
BuiltEnvironment	specific		
BuiltEnvironment	temp_out		
BuiltEnvironment	train_line		
BuiltEnvironment	train_stat_loc		
BuiltEnvironment	train_stop_loc		
BuiltEnvironment	vis_media		
BuiltEnvironment	wall_area		
BuiltEnvironment	wall_const_type		
BuiltEnvironment	wall_finish_mat		
BuiltEnvironment	wall_height		
BuiltEnvironment	wall_loc		
BuiltEnvironment	wall_water_mold		
BuiltEnvironment	wall_surf_treatment		
BuiltEnvironment	wall_texture		
BuiltEnvironment	wall_thermal_mass		
BuiltEnvironment	water_feat_size		
BuiltEnvironment	water_feat_type		
BuiltEnvironment	weekday		
BuiltEnvironment	window_size		
BuiltEnvironment	window_cond		
BuiltEnvironment	window_cover		
BuiltEnvironment	window_horiz_pos		
BuiltEnvironment	window_loc		
BuiltEnvironment	window_mat		
BuiltEnvironment	window_open_freq		
BuiltEnvironment	window_water_mold		
BuiltEnvironment	window_status		
BuiltEnvironment	window_type		
BuiltEnvironment	window_vert_pos		
HostAssociated	samp_name		TRUE
HostAssociated	project_name		TRUE
HostAssociated	alt	TRUE	
HostAssociated	depth	TRUE	
HostAssociated	elev	TRUE	
HostAssociated	ances_data		
HostAssociated	biol_stat		
HostAssociated	genetic_mod		
HostAssociated	host_common_name		
HostAssociated	samp_capt_status		
HostAssociated	samp_dis_stage		
HostAssociated	host_taxid		
HostAssociated	host_subject_id		
HostAssociated	host_age		
HostAssociated	host_life_stage		
HostAssociated	host_sex		
HostAssociated	host_disease_stat		
HostAssociated	chem_administration		
HostAssociated	host_body_habitat		
HostAssociated	host_body_site		
HostAssociated	host_body_product		
HostAssociated	host_tot_mass		
HostAssociated	host_height		
HostAssociated	host_length		
HostAssociated	host_diet		
HostAssociated	host_last_meal		
HostAssociated	host_growth_cond		
HostAssociated	host_substrate		
HostAssociated	host_family_relation		
HostAssociated	host_subspecf_genlin		
HostAssociated	host_genotype		
HostAssociated	host_phenotype		
HostAssociated	host_body_temp		
HostAssociated	host_dry_mass		
HostAssociated	blood_press_diast		
HostAssociated	blood_press_syst		
HostAssociated	host_color		
HostAssociated	host_shape		
HostAssociated	gravidity		
HostAssociated	perturbation		
HostAssociated	salinity		
HostAssociated	oxy_stat_samp		
HostAssociated	temp		
HostAssociated	organism_count		
HostAssociated	samp_vol_we_dna_ext		
HostAssociated	samp_store_temp		
HostAssociated	samp_store_dur		
HostAssociated	samp_store_loc		
HostAssociated	host_symbiont		
HostAssociated	misc_param		
HumanAssociated	samp_name		TRUE
HumanAssociated	project_name		TRUE
HumanAssociated	host_subject_id		
HumanAssociated	host_age		
HumanAssociated	host_sex		
HumanAssociated	host_disease_stat		
HumanAssociated	ihmc_medication_code		
HumanAssociated	chem_administration		
HumanAssociated	host_body_site		
HumanAssociated	host_body_product		
HumanAssociated	host_tot_mass		
HumanAssociated	host_height		
HumanAssociated	host_diet		
HumanAssociated	host_last_meal		
HumanAssociated	host_family_relation		
HumanAssociated	host_genotype		
HumanAssociated	host_phenotype		
HumanAssociated	host_body_temp		
HumanAssociated	smoker		
HumanAssociated	host_hiv_stat		
HumanAssociated	drug_usage		
HumanAssociated	host_body_mass_index		
HumanAssociated	diet_last_six_month		
HumanAssociated	weight_loss_3_month		
HumanAssociated	ethnicity		
HumanAssociated	host_occupation		
HumanAssociated	pet_farm_animal		
HumanAssociated	travel_out_six_month		
HumanAssociated	twin_sibling		
HumanAssociated	medic_hist_perform		
HumanAssociated	study_complt_stat		
HumanAssociated	pulmonary_disord		
HumanAssociated	nose_throat_disord		
HumanAssociated	blood_blood_disord		
HumanAssociated	host_pulse		
HumanAssociated	gestation_state		
HumanAssociated	maternal_health_stat		
HumanAssociated	foetal_health_stat		
HumanAssociated	amniotic_fluid_color		
HumanAssociated	kidney_disord		
HumanAssociated	urogenit_tract_disor		
HumanAssociated	urine_collect_meth		
HumanAssociated	perturbation		
HumanAssociated	salinity		
HumanAssociated	oxy_stat_samp		
HumanAssociated	temp		
HumanAssociated	organism_count		
HumanAssociated	samp_vol_we_dna_ext		
HumanAssociated	samp_store_temp		
HumanAssociated	samp_store_dur		
HumanAssociated	host_symbiont		
HumanAssociated	samp_store_loc		
HumanAssociated	misc_param		
HumanGut	samp_name		TRUE
HumanGut	project_name		TRUE
HumanGut	gastrointest_disord		
HumanGut	liver_disord		
HumanGut	special_diet		
HumanGut	host_subject_id		
HumanGut	host_age		
HumanGut	host_sex		
HumanGut	host_disease_stat		
HumanGut	ihmc_medication_code		
HumanGut	chem_administration		
HumanGut	host_body_site		
HumanGut	host_body_product		
HumanGut	host_tot_mass		
HumanGut	host_height		
HumanGut	host_diet		
HumanGut	host_last_meal		
HumanGut	host_family_relation		
HumanGut	host_genotype		
HumanGut	host_phenotype		
HumanGut	host_body_temp		
HumanGut	host_body_mass_index		
HumanGut	ethnicity		
HumanGut	host_occupation		
HumanGut	medic_hist_perform		
HumanGut	host_pulse		
HumanGut	perturbation		
HumanGut	salinity		
HumanGut	oxy_stat_samp		
HumanGut	temp		
HumanGut	organism_count		
HumanGut	samp_store_temp		
HumanGut	samp_vol_we_dna_ext		
HumanGut	samp_store_dur		
HumanGut	host_symbiont		
HumanGut	samp_store_loc		
HumanGut	misc_param		
HumanOral	samp_name		TRUE
HumanOral	project_name		TRUE
HumanOral	nose_throat_disord		
HumanOral	time_last_toothbrush		
HumanOral	host_subject_id		
HumanOral	host_age		
HumanOral	host_sex		
HumanOral	host_disease_stat		
HumanOral	ihmc_medication_code		
HumanOral	chem_administration		
HumanOral	host_body_site		
HumanOral	host_body_product		
HumanOral	host_tot_mass		
HumanOral	host_height		
HumanOral	host_diet		
HumanOral	host_last_meal		
HumanOral	host_family_relation		
HumanOral	host_genotype		
HumanOral	host_phenotype		
HumanOral	host_body_temp		
HumanOral	host_body_mass_index		
HumanOral	ethnicity		
HumanOral	host_occupation		
HumanOral	medic_hist_perform		
HumanOral	host_pulse		
HumanOral	perturbation		
HumanOral	salinity		
HumanOral	oxy_stat_samp		
HumanOral	temp		
HumanOral	organism_count		
HumanOral	samp_vol_we_dna_ext		
HumanOral	samp_store_temp		
HumanOral	samp_store_dur		
HumanOral	host_symbiont		
HumanOral	samp_store_loc		
HumanOral	misc_param		
HumanSkin	samp_name		TRUE
HumanSkin	project_name		TRUE
HumanSkin	dermatology_disord		
HumanSkin	time_since_last_wash		
HumanSkin	dominant_hand		
HumanSkin	host_subject_id		
HumanSkin	host_age		
HumanSkin	host_sex		
HumanSkin	host_disease_stat		
HumanSkin	ihmc_medication_code		
HumanSkin	chem_administration		
HumanSkin	host_body_site		
HumanSkin	host_body_product		
HumanSkin	host_tot_mass		
HumanSkin	host_height		
HumanSkin	host_diet		
HumanSkin	host_last_meal		
HumanSkin	host_family_relation		
HumanSkin	host_genotype		
HumanSkin	host_phenotype		
HumanSkin	host_body_temp		
HumanSkin	host_body_mass_index		
HumanSkin	ethnicity		
HumanSkin	host_occupation		
HumanSkin	medic_hist_perform		
HumanSkin	host_pulse		
HumanSkin	perturbation		
HumanSkin	salinity		
HumanSkin	oxy_stat_samp		
HumanSkin	temp		
HumanSkin	organism_count		
HumanSkin	samp_vol_we_dna_ext		
HumanSkin	samp_store_temp		
HumanSkin	samp_store_dur		
HumanSkin	samp_store_loc		
HumanSkin	host_symbiont		
HumanSkin	misc_param		
HumanVaginal	samp_name		TRUE
HumanVaginal	project_name		TRUE
HumanVaginal	menarche		
HumanVaginal	sexual_act		
HumanVaginal	pregnancy		
HumanVaginal	douche		
HumanVaginal	birth_control		
HumanVaginal	menopause		
HumanVaginal	hrt		
HumanVaginal	hysterectomy		
HumanVaginal	gynecologic_disord		
HumanVaginal	urogenit_disord		
HumanVaginal	host_subject_id		
HumanVaginal	host_age		
HumanVaginal	host_sex		
HumanVaginal	host_disease_stat		
HumanVaginal	ihmc_medication_code		
HumanVaginal	chem_administration		
HumanVaginal	host_body_site		
HumanVaginal	host_body_product		
HumanVaginal	host_tot_mass		
HumanVaginal	host_height		
HumanVaginal	host_diet		
HumanVaginal	host_last_meal		
HumanVaginal	host_family_relation		
HumanVaginal	host_genotype		
HumanVaginal	host_phenotype		
HumanVaginal	host_body_temp		
HumanVaginal	host_body_mass_index		
HumanVaginal	ethnicity		
HumanVaginal	host_occupation		
HumanVaginal	medic_hist_perform		
HumanVaginal	host_pulse		
HumanVaginal	perturbation		
HumanVaginal	samp_salinity		
HumanVaginal	salinity		
HumanVaginal	oxy_stat_samp		
HumanVaginal	temp		
HumanVaginal	organism_count		
HumanVaginal	samp_vol_we_dna_ext		
HumanVaginal	samp_store_temp		
HumanVaginal	samp_store_loc		
HumanVaginal	samp_store_dur		
HumanVaginal	host_symbiont		
HumanVaginal	misc_param		
HydrocarbonResourcesCores	samp_name		TRUE
HydrocarbonResourcesCores	project_name		TRUE
HydrocarbonResourcesCores	hcr		TRUE
HydrocarbonResourcesCores	hc_produced		TRUE
HydrocarbonResourcesCores	basin		TRUE
HydrocarbonResourcesCores	field	TRUE	
HydrocarbonResourcesCores	reservoir	TRUE	
HydrocarbonResourcesCores	hcr_temp		TRUE
HydrocarbonResourcesCores	tvdss_of_hcr_temp		
HydrocarbonResourcesCores	hcr_pressure		
HydrocarbonResourcesCores	tvdss_of_hcr_press		
HydrocarbonResourcesCores	permeability		
HydrocarbonResourcesCores	porosity		
HydrocarbonResourcesCores	lithology	TRUE	
HydrocarbonResourcesCores	depos_env	TRUE	
HydrocarbonResourcesCores	hcr_geol_age	TRUE	
HydrocarbonResourcesCores	owc_tvdss		
HydrocarbonResourcesCores	hcr_fw_salinity	TRUE	
HydrocarbonResourcesCores	sulfate_fw		TRUE
HydrocarbonResourcesCores	vfa_fw		TRUE
HydrocarbonResourcesCores	sr_kerog_type		
HydrocarbonResourcesCores	sr_lithology		
HydrocarbonResourcesCores	sr_dep_env		
HydrocarbonResourcesCores	sr_geol_age		
HydrocarbonResourcesCores	samp_well_name	TRUE	
HydrocarbonResourcesCores	win	TRUE	
HydrocarbonResourcesCores	samp_type		TRUE
HydrocarbonResourcesCores	samp_subtype	TRUE	
HydrocarbonResourcesCores	temp		TRUE
HydrocarbonResourcesCores	pressure		
HydrocarbonResourcesCores	samp_tvdss	TRUE	
HydrocarbonResourcesCores	samp_md		
HydrocarbonResourcesCores	elev		
HydrocarbonResourcesCores	oxy_stat_samp		
HydrocarbonResourcesCores	samp_transport_cond		
HydrocarbonResourcesCores	samp_store_temp		
HydrocarbonResourcesCores	samp_store_dur		
HydrocarbonResourcesCores	samp_store_loc		
HydrocarbonResourcesCores	samp_vol_we_dna_ext	TRUE	
HydrocarbonResourcesCores	organism_count	TRUE	
HydrocarbonResourcesCores	org_count_qpcr_info		
HydrocarbonResourcesCores	ph	TRUE	
HydrocarbonResourcesCores	salinity		
HydrocarbonResourcesCores	alkalinity		
HydrocarbonResourcesCores	alkalinity_method		
HydrocarbonResourcesCores	sulfate	TRUE	
HydrocarbonResourcesCores	sulfide	TRUE	
HydrocarbonResourcesCores	tot_sulfur	TRUE	
HydrocarbonResourcesCores	nitrate	TRUE	
HydrocarbonResourcesCores	nitrite	TRUE	
HydrocarbonResourcesCores	ammonium	TRUE	
HydrocarbonResourcesCores	tot_nitro		
HydrocarbonResourcesCores	diss_iron	TRUE	
HydrocarbonResourcesCores	sodium		
HydrocarbonResourcesCores	chloride		
HydrocarbonResourcesCores	potassium		
HydrocarbonResourcesCores	magnesium		
HydrocarbonResourcesCores	calcium		
HydrocarbonResourcesCores	tot_iron	TRUE	
HydrocarbonResourcesCores	diss_org_carb		
HydrocarbonResourcesCores	diss_inorg_carb		
HydrocarbonResourcesCores	diss_inorg_phosp	TRUE	
HydrocarbonResourcesCores	tot_phosp		
HydrocarbonResourcesCores	suspend_solids		
HydrocarbonResourcesCores	density		
HydrocarbonResourcesCores	diss_carb_dioxide		
HydrocarbonResourcesCores	diss_oxygen_fluid		
HydrocarbonResourcesCores	vfa	TRUE	
HydrocarbonResourcesCores	benzene	TRUE	
HydrocarbonResourcesCores	toluene	TRUE	
HydrocarbonResourcesCores	ethylbenzene	TRUE	
HydrocarbonResourcesCores	xylene	TRUE	
HydrocarbonResourcesCores	api		TRUE
HydrocarbonResourcesCores	tan	TRUE	
HydrocarbonResourcesCores	viscosity		
HydrocarbonResourcesCores	pour_point		
HydrocarbonResourcesCores	saturates_pc	TRUE	
HydrocarbonResourcesCores	aromatics_pc	TRUE	
HydrocarbonResourcesCores	resins_pc	TRUE	
HydrocarbonResourcesCores	asphaltenes_pc	TRUE	
HydrocarbonResourcesCores	misc_param		
HydrocarbonResourcesCores	additional_info		
HydrocarbonResourcesFluidsSwabs	samp_name		TRUE
HydrocarbonResourcesFluidsSwabs	project_name		TRUE
HydrocarbonResourcesFluidsSwabs	hcr		TRUE
HydrocarbonResourcesFluidsSwabs	hc_produced		TRUE
HydrocarbonResourcesFluidsSwabs	basin		TRUE
HydrocarbonResourcesFluidsSwabs	field	TRUE	
HydrocarbonResourcesFluidsSwabs	reservoir	TRUE	
HydrocarbonResourcesFluidsSwabs	hcr_temp	TRUE	
HydrocarbonResourcesFluidsSwabs	tvdss_of_hcr_temp		
HydrocarbonResourcesFluidsSwabs	hcr_pressure		
HydrocarbonResourcesFluidsSwabs	tvdss_of_hcr_press		
HydrocarbonResourcesFluidsSwabs	lithology	TRUE	
HydrocarbonResourcesFluidsSwabs	depos_env	TRUE	
HydrocarbonResourcesFluidsSwabs	hcr_geol_age	TRUE	
HydrocarbonResourcesFluidsSwabs	hcr_fw_salinity	TRUE	
HydrocarbonResourcesFluidsSwabs	sulfate_fw	TRUE	
HydrocarbonResourcesFluidsSwabs	vfa_fw	TRUE	
HydrocarbonResourcesFluidsSwabs	prod_start_date	TRUE	
HydrocarbonResourcesFluidsSwabs	prod_rate	TRUE	
HydrocarbonResourcesFluidsSwabs	water_prod_rate	TRUE	
HydrocarbonResourcesFluidsSwabs	water_cut		TRUE
HydrocarbonResourcesFluidsSwabs	iwf		TRUE
HydrocarbonResourcesFluidsSwabs	add_recov_method		TRUE
HydrocarbonResourcesFluidsSwabs	iw_bt_date_well		
HydrocarbonResourcesFluidsSwabs	biocide	TRUE	
HydrocarbonResourcesFluidsSwabs	biocide_admin_method	TRUE	
HydrocarbonResourcesFluidsSwabs	chem_treatment		
HydrocarbonResourcesFluidsSwabs	chem_treat_method		
HydrocarbonResourcesFluidsSwabs	samp_loc_corr_rate	TRUE	
HydrocarbonResourcesFluidsSwabs	samp_well_name	TRUE	
HydrocarbonResourcesFluidsSwabs	win	TRUE	
HydrocarbonResourcesFluidsSwabs	samp_type		TRUE
HydrocarbonResourcesFluidsSwabs	samp_subtype	TRUE	
HydrocarbonResourcesFluidsSwabs	samp_collect_point		TRUE
HydrocarbonResourcesFluidsSwabs	temp		TRUE
HydrocarbonResourcesFluidsSwabs	pressure		
HydrocarbonResourcesFluidsSwabs	oxy_stat_samp		
HydrocarbonResourcesFluidsSwabs	samp_preserv		
HydrocarbonResourcesFluidsSwabs	samp_transport_cond		
HydrocarbonResourcesFluidsSwabs	samp_store_temp		
HydrocarbonResourcesFluidsSwabs	samp_store_dur		
HydrocarbonResourcesFluidsSwabs	samp_store_loc		
HydrocarbonResourcesFluidsSwabs	samp_vol_we_dna_ext	TRUE	
HydrocarbonResourcesFluidsSwabs	organism_count	TRUE	
HydrocarbonResourcesFluidsSwabs	org_count_qpcr_info		
HydrocarbonResourcesFluidsSwabs	ph	TRUE	
HydrocarbonResourcesFluidsSwabs	salinity		
HydrocarbonResourcesFluidsSwabs	alkalinity		
HydrocarbonResourcesFluidsSwabs	alkalinity_method		
HydrocarbonResourcesFluidsSwabs	sulfate		TRUE
HydrocarbonResourcesFluidsSwabs	sulfide		TRUE
HydrocarbonResourcesFluidsSwabs	tot_sulfur	TRUE	
HydrocarbonResourcesFluidsSwabs	nitrate		TRUE
HydrocarbonResourcesFluidsSwabs	nitrite	TRUE	
HydrocarbonResourcesFluidsSwabs	ammonium	TRUE	
HydrocarbonResourcesFluidsSwabs	tot_nitro		
HydrocarbonResourcesFluidsSwabs	diss_iron	TRUE	
HydrocarbonResourcesFluidsSwabs	sodium		
HydrocarbonResourcesFluidsSwabs	chloride		
HydrocarbonResourcesFluidsSwabs	potassium		
HydrocarbonResourcesFluidsSwabs	magnesium		
HydrocarbonResourcesFluidsSwabs	calcium		
HydrocarbonResourcesFluidsSwabs	tot_iron	TRUE	
HydrocarbonResourcesFluidsSwabs	diss_org_carb		
HydrocarbonResourcesFluidsSwabs	diss_inorg_carb		
HydrocarbonResourcesFluidsSwabs	diss_inorg_phosp	TRUE	
HydrocarbonResourcesFluidsSwabs	tot_phosp		
HydrocarbonResourcesFluidsSwabs	suspend_solids		
HydrocarbonResourcesFluidsSwabs	density		
HydrocarbonResourcesFluidsSwabs	diss_carb_dioxide		
HydrocarbonResourcesFluidsSwabs	diss_oxygen_fluid		
HydrocarbonResourcesFluidsSwabs	vfa	TRUE	
HydrocarbonResourcesFluidsSwabs	benzene	TRUE	
HydrocarbonResourcesFluidsSwabs	toluene	TRUE	
HydrocarbonResourcesFluidsSwabs	ethylbenzene	TRUE	
HydrocarbonResourcesFluidsSwabs	xylene	TRUE	
HydrocarbonResourcesFluidsSwabs	api		TRUE
HydrocarbonResourcesFluidsSwabs	tan	TRUE	
HydrocarbonResourcesFluidsSwabs	viscosity		
HydrocarbonResourcesFluidsSwabs	pour_point		
HydrocarbonResourcesFluidsSwabs	saturates_pc	TRUE	
HydrocarbonResourcesFluidsSwabs	aromatics_pc	TRUE	
HydrocarbonResourcesFluidsSwabs	resins_pc	TRUE	
HydrocarbonResourcesFluidsSwabs	asphaltenes_pc	TRUE	
HydrocarbonResourcesFluidsSwabs	misc_param		
HydrocarbonResourcesFluidsSwabs	additional_info		
MicrobialMatBiofilm	samp_name		TRUE
MicrobialMatBiofilm	project_name		TRUE
MicrobialMatBiofilm	depth	TRUE	
MicrobialMatBiofilm	elev	TRUE	
MicrobialMatBiofilm	alkalinity		
MicrobialMatBiofilm	alkyl_diethers		
MicrobialMatBiofilm	aminopept_act		
MicrobialMatBiofilm	ammonium		
MicrobialMatBiofilm	bacteria_carb_prod		
MicrobialMatBiofilm	biomass		
MicrobialMatBiofilm	bishomohopanol		
MicrobialMatBiofilm	bromide		
MicrobialMatBiofilm	calcium		
MicrobialMatBiofilm	carb_nitro_ratio		
MicrobialMatBiofilm	chem_administration		
MicrobialMatBiofilm	chloride		
MicrobialMatBiofilm	chlorophyll		
MicrobialMatBiofilm	diether_lipids		
MicrobialMatBiofilm	diss_carb_dioxide		
MicrobialMatBiofilm	diss_hydrogen		
MicrobialMatBiofilm	diss_inorg_carb		
MicrobialMatBiofilm	diss_org_carb		
MicrobialMatBiofilm	diss_org_nitro		
MicrobialMatBiofilm	diss_oxygen		
MicrobialMatBiofilm	glucosidase_act		
MicrobialMatBiofilm	magnesium		
MicrobialMatBiofilm	mean_frict_vel		
MicrobialMatBiofilm	mean_peak_frict_vel		
MicrobialMatBiofilm	methane		
MicrobialMatBiofilm	misc_param		
MicrobialMatBiofilm	n_alkanes		
MicrobialMatBiofilm	nitrate		
MicrobialMatBiofilm	nitrite		
MicrobialMatBiofilm	nitro		
MicrobialMatBiofilm	org_carb		
MicrobialMatBiofilm	org_matter		
MicrobialMatBiofilm	org_nitro		
MicrobialMatBiofilm	organism_count		
MicrobialMatBiofilm	oxy_stat_samp		
MicrobialMatBiofilm	ph		
MicrobialMatBiofilm	part_org_carb		
MicrobialMatBiofilm	perturbation		
MicrobialMatBiofilm	petroleum_hydrocarb		
MicrobialMatBiofilm	phaeopigments		
MicrobialMatBiofilm	phosphate		
MicrobialMatBiofilm	phosplipid_fatt_acid		
MicrobialMatBiofilm	potassium		
MicrobialMatBiofilm	pressure		
MicrobialMatBiofilm	redox_potential		
MicrobialMatBiofilm	salinity		
MicrobialMatBiofilm	samp_store_dur		
MicrobialMatBiofilm	samp_store_loc		
MicrobialMatBiofilm	samp_store_temp		
MicrobialMatBiofilm	samp_vol_we_dna_ext		
MicrobialMatBiofilm	silicate		
MicrobialMatBiofilm	sodium		
MicrobialMatBiofilm	sulfate		
MicrobialMatBiofilm	sulfide		
MicrobialMatBiofilm	temp		
MicrobialMatBiofilm	tot_carb		
MicrobialMatBiofilm	tot_nitro_content		
MicrobialMatBiofilm	tot_org_carb		
MicrobialMatBiofilm	turbidity		
MicrobialMatBiofilm	water_content		
MiscellaneousNaturalOrArtificialEnvironment	samp_name		TRUE
MiscellaneousNaturalOrArtificialEnvironment	project_name		TRUE
MiscellaneousNaturalOrArtificialEnvironment	alt	TRUE	
MiscellaneousNaturalOrArtificialEnvironment	depth	TRUE	
MiscellaneousNaturalOrArtificialEnvironment	elev	TRUE	
MiscellaneousNaturalOrArtificialEnvironment	alkalinity		
MiscellaneousNaturalOrArtificialEnvironment	ammonium		
MiscellaneousNaturalOrArtificialEnvironment	biomass		
MiscellaneousNaturalOrArtificialEnvironment	bromide		
MiscellaneousNaturalOrArtificialEnvironment	calcium		
MiscellaneousNaturalOrArtificialEnvironment	chem_administration		
MiscellaneousNaturalOrArtificialEnvironment	chloride		
MiscellaneousNaturalOrArtificialEnvironment	chlorophyll		
MiscellaneousNaturalOrArtificialEnvironment	density		
MiscellaneousNaturalOrArtificialEnvironment	diether_lipids		
MiscellaneousNaturalOrArtificialEnvironment	diss_carb_dioxide		
MiscellaneousNaturalOrArtificialEnvironment	diss_hydrogen		
MiscellaneousNaturalOrArtificialEnvironment	diss_inorg_carb		
MiscellaneousNaturalOrArtificialEnvironment	diss_org_nitro		
MiscellaneousNaturalOrArtificialEnvironment	diss_oxygen		
MiscellaneousNaturalOrArtificialEnvironment	misc_param		
MiscellaneousNaturalOrArtificialEnvironment	nitrate		
MiscellaneousNaturalOrArtificialEnvironment	nitrite		
MiscellaneousNaturalOrArtificialEnvironment	nitro		
MiscellaneousNaturalOrArtificialEnvironment	org_carb		
MiscellaneousNaturalOrArtificialEnvironment	org_matter		
MiscellaneousNaturalOrArtificialEnvironment	org_nitro		
MiscellaneousNaturalOrArtificialEnvironment	organism_count		
MiscellaneousNaturalOrArtificialEnvironment	oxy_stat_samp		
MiscellaneousNaturalOrArtificialEnvironment	ph		
MiscellaneousNaturalOrArtificialEnvironment	perturbation		
MiscellaneousNaturalOrArtificialEnvironment	phosphate		
MiscellaneousNaturalOrArtificialEnvironment	phosplipid_fatt_acid		
MiscellaneousNaturalOrArtificialEnvironment	potassium		
MiscellaneousNaturalOrArtificialEnvironment	pressure		
MiscellaneousNaturalOrArtificialEnvironment	salinity		
MiscellaneousNaturalOrArtificialEnvironment	samp_store_dur		
MiscellaneousNaturalOrArtificialEnvironment	samp_store_loc		
MiscellaneousNaturalOrArtificialEnvironment	samp_store_temp		
MiscellaneousNaturalOrArtificialEnvironment	samp_vol_we_dna_ext		
MiscellaneousNaturalOrArtificialEnvironment	silicate		
MiscellaneousNaturalOrArtificialEnvironment	sodium		
MiscellaneousNaturalOrArtificialEnvironment	sulfate		
MiscellaneousNaturalOrArtificialEnvironment	sulfide		
MiscellaneousNaturalOrArtificialEnvironment	temp		
MiscellaneousNaturalOrArtificialEnvironment	water_current		
PlantAssociated	samp_name		TRUE
PlantAssociated	project_name		TRUE
PlantAssociated	depth	TRUE	
PlantAssociated	elev	TRUE	
PlantAssociated	air_temp_regm		
PlantAssociated	ances_data		
PlantAssociated	antibiotic_regm		
PlantAssociated	biol_stat		
PlantAssociated	biotic_regm		
PlantAssociated	chem_administration		
PlantAssociated	chem_mutagen		
PlantAssociated	climate_environment		
PlantAssociated	cult_root_med		
PlantAssociated	fertilizer_regm		
PlantAssociated	fungicide_regm		
PlantAssociated	gaseous_environment		
PlantAssociated	genetic_mod		
PlantAssociated	gravity		
PlantAssociated	growth_facil		
PlantAssociated	growth_habit		
PlantAssociated	growth_hormone_regm		
PlantAssociated	herbicide_regm		
PlantAssociated	host_age		
PlantAssociated	host_common_name		
PlantAssociated	host_disease_stat		
PlantAssociated	host_dry_mass		
PlantAssociated	host_genotype		
PlantAssociated	host_height		
PlantAssociated	host_subspecf_genlin		
PlantAssociated	host_length		
PlantAssociated	host_life_stage		
PlantAssociated	host_phenotype		
PlantAssociated	host_taxid		
PlantAssociated	host_tot_mass		
PlantAssociated	host_wet_mass		
PlantAssociated	humidity_regm		
PlantAssociated	light_regm		
PlantAssociated	mechanical_damage		
PlantAssociated	mineral_nutr_regm		
PlantAssociated	misc_param		
PlantAssociated	non_min_nutr_regm		
PlantAssociated	organism_count		
PlantAssociated	oxy_stat_samp		
PlantAssociated	ph_regm		
PlantAssociated	perturbation		
PlantAssociated	pesticide_regm		
PlantAssociated	plant_growth_med		
PlantAssociated	plant_product		
PlantAssociated	plant_sex		
PlantAssociated	plant_struc		
PlantAssociated	radiation_regm		
PlantAssociated	rainfall_regm		
PlantAssociated	root_cond		
PlantAssociated	root_med_carbon		
PlantAssociated	root_med_macronutr		
PlantAssociated	root_med_micronutr		
PlantAssociated	root_med_suppl		
PlantAssociated	root_med_ph		
PlantAssociated	root_med_regl		
PlantAssociated	root_med_solid		
PlantAssociated	salt_regm		
PlantAssociated	samp_capt_status		
PlantAssociated	samp_dis_stage		
PlantAssociated	salinity		
PlantAssociated	samp_store_dur		
PlantAssociated	samp_store_loc		
PlantAssociated	samp_store_temp		
PlantAssociated	samp_vol_we_dna_ext		
PlantAssociated	season_environment		
PlantAssociated	standing_water_regm		
PlantAssociated	temp		
PlantAssociated	tiss_cult_growth_med		
PlantAssociated	water_temp_regm		
PlantAssociated	watering_regm		
PlantAssociated	host_symbiont		
PlantAssociated	misc_param		
Sediment	samp_name		TRUE
Sediment	project_name		TRUE
Sediment	depth		TRUE
Sediment	elev	TRUE	
Sediment	alkalinity		
Sediment	alkyl_diethers		
Sediment	aminopept_act		
Sediment	ammonium		
Sediment	bacteria_carb_prod		
Sediment	biomass		
Sediment	bishomohopanol		
Sediment	bromide		
Sediment	calcium		
Sediment	carb_nitro_ratio		
Sediment	chem_administration		
Sediment	chloride		
Sediment	chlorophyll		
Sediment	density		
Sediment	diether_lipids		
Sediment	diss_carb_dioxide		
Sediment	diss_hydrogen		
Sediment	diss_inorg_carb		
Sediment	diss_org_carb		
Sediment	diss_org_nitro		
Sediment	diss_oxygen		
Sediment	glucosidase_act		
Sediment	magnesium		
Sediment	mean_frict_vel		
Sediment	mean_peak_frict_vel		
Sediment	methane		
Sediment	misc_param		
Sediment	n_alkanes		
Sediment	nitrate		
Sediment	nitrite		
Sediment	nitro		
Sediment	org_carb		
Sediment	org_matter		
Sediment	org_nitro		
Sediment	organism_count		
Sediment	oxy_stat_samp		
Sediment	ph		
Sediment	particle_class		
Sediment	part_org_carb		
Sediment	perturbation		
Sediment	petroleum_hydrocarb		
Sediment	phaeopigments		
Sediment	phosphate		
Sediment	phosplipid_fatt_acid		
Sediment	porosity		
Sediment	potassium		
Sediment	pressure		
Sediment	redox_potential		
Sediment	salinity		
Sediment	samp_store_dur		
Sediment	samp_store_loc		
Sediment	samp_store_temp		
Sediment	samp_vol_we_dna_ext		
Sediment	sediment_type		
Sediment	silicate		
Sediment	sodium		
Sediment	sulfate		
Sediment	sulfide		
Sediment	temp		
Sediment	tidal_stage		
Sediment	tot_carb		
Sediment	tot_depth_water_col		
Sediment	tot_nitro_content		
Sediment	tot_org_carb		
Sediment	turbidity		
Sediment	water_content		
Soil	samp_name		TRUE
Soil	project_name		TRUE
Soil	depth		TRUE
Soil	elev		TRUE
Soil	cur_land_use		
Soil	cur_vegetation		
Soil	cur_vegetation_meth		
Soil	previous_land_use		
Soil	prev_land_use_meth		
Soil	crop_rotation		
Soil	agrochem_addition		
Soil	tillage		
Soil	fire		
Soil	flooding		
Soil	extreme_event		
Soil	soil_horizon		
Soil	horizon_meth		
Soil	sieving		
Soil	water_content		
Soil	water_cont_soil_meth		
Soil	samp_vol_we_dna_ext		
Soil	pool_dna_extracts		
Soil	store_cond		
Soil	link_climate_info		
Soil	annual_temp		
Soil	season_temp		
Soil	annual_precpt		
Soil	season_precpt		
Soil	link_class_info		
Soil	fao_class		
Soil	local_class		
Soil	local_class_meth		
Soil	org_nitro		
Soil	temp		
Soil	soil_type		
Soil	soil_type_meth		
Soil	slope_gradient		
Soil	slope_aspect		
Soil	profile_position		
Soil	drainage_class		
Soil	soil_text_measure		
Soil	soil_texture_meth		
Soil	ph		
Soil	ph_meth		
Soil	org_matter		
Soil	tot_org_carb		
Soil	tot_org_c_meth		
Soil	tot_nitro_content		
Soil	tot_nitro_cont_meth		
Soil	microbial_biomass		
Soil	micro_biomass_meth		
Soil	link_addit_analys		
Soil	salinity_meth		
Soil	heavy_metals		
Soil	heavy_metals_meth		
Soil	al_sat		
Soil	al_sat_meth		
Soil	misc_param		
WastewaterSludge	samp_name		TRUE
WastewaterSludge	project_name		TRUE
WastewaterSludge	depth	TRUE	
WastewaterSludge	alkalinity		
WastewaterSludge	biochem_oxygen_dem		
WastewaterSludge	chem_administration		
WastewaterSludge	chem_oxygen_dem		
WastewaterSludge	efficiency_percent		
WastewaterSludge	emulsions		
WastewaterSludge	gaseous_substances		
WastewaterSludge	indust_eff_percent		
WastewaterSludge	inorg_particles		
WastewaterSludge	misc_param		
WastewaterSludge	nitrate		
WastewaterSludge	org_particles		
WastewaterSludge	organism_count		
WastewaterSludge	oxy_stat_samp		
WastewaterSludge	ph		
WastewaterSludge	perturbation		
WastewaterSludge	phosphate		
WastewaterSludge	pre_treatment		
WastewaterSludge	primary_treatment		
WastewaterSludge	reactor_type		
WastewaterSludge	salinity		
WastewaterSludge	samp_store_dur		
WastewaterSludge	samp_store_loc		
WastewaterSludge	samp_store_temp		
WastewaterSludge	samp_vol_we_dna_ext		
WastewaterSludge	secondary_treatment		
WastewaterSludge	sewage_type		
WastewaterSludge	sludge_retent_time		
WastewaterSludge	sodium		
WastewaterSludge	soluble_inorg_mat		
WastewaterSludge	soluble_org_mat		
WastewaterSludge	suspend_solids		
WastewaterSludge	temp		
WastewaterSludge	tertiary_treatment		
WastewaterSludge	tot_nitro		
WastewaterSludge	tot_phosphate		
WastewaterSludge	wastewater_type		
Water	samp_name		TRUE
Water	project_name		TRUE
Water	depth		TRUE
Water	elev	TRUE	
Water	alkalinity		
Water	alkalinity_method		
Water	alkyl_diethers		
Water	aminopept_act		
Water	ammonium		
Water	atmospheric_data		
Water	bacteria_carb_prod		
Water	bac_prod		
Water	bac_resp		
Water	biomass		
Water	bishomohopanol		
Water	bromide		
Water	calcium		
Water	carb_nitro_ratio		
Water	chem_administration		
Water	chloride		
Water	chlorophyll		
Water	conduc		
Water	density		
Water	diether_lipids		
Water	diss_carb_dioxide		
Water	diss_hydrogen		
Water	diss_inorg_carb		
Water	diss_inorg_nitro		
Water	diss_inorg_phosp		
Water	diss_org_carb		
Water	diss_org_nitro		
Water	diss_oxygen		
Water	down_par		
Water	fluor		
Water	glucosidase_act		
Water	light_intensity		
Water	magnesium		
Water	mean_frict_vel		
Water	mean_peak_frict_vel		
Water	misc_param		
Water	n_alkanes		
Water	nitrate		
Water	nitrite		
Water	nitro		
Water	org_carb		
Water	org_matter		
Water	org_nitro		
Water	organism_count		
Water	oxy_stat_samp		
Water	ph		
Water	part_org_carb		
Water	part_org_nitro		
Water	perturbation		
Water	petroleum_hydrocarb		
Water	phaeopigments		
Water	phosphate		
Water	phosplipid_fatt_acid		
Water	photon_flux		
Water	potassium		
Water	pressure		
Water	primary_prod		
Water	redox_potential		
Water	salinity		
Water	samp_store_dur		
Water	samp_store_loc		
Water	samp_store_temp		
Water	samp_vol_we_dna_ext		
Water	silicate		
Water	size_frac_low		
Water	size_frac_up		
Water	sodium		
Water	soluble_react_phosp		
Water	sulfate		
Water	sulfide		
Water	suspend_part_matter		
Water	temp		
Water	tidal_stage		
Water	tot_depth_water_col		
Water	tot_diss_nitro		
Water	tot_inorg_nitro		
Water	tot_nitro		
Water	tot_part_carb		
Water	tot_phosp		
Water	turbidity		
Water	water_current		
SymbiontAssociated	sample_name		TRUE
SymbiontAssociated	project_name		TRUE
SymbiontAssociated	lat_lon		TRUE
SymbiontAssociated	geo_loc_name		TRUE
SymbiontAssociated	collection_date		TRUE
SymbiontAssociated	env_broad_scale		TRUE
SymbiontAssociated	env_local_scale		TRUE
SymbiontAssociated	env_medium		TRUE
SymbiontAssociated	alt	TRUE	
SymbiontAssociated	depth	TRUE	
SymbiontAssociated	elev	TRUE	
SymbiontAssociated	host_subject_id		
SymbiontAssociated	host_common_name		
SymbiontAssociated	host_taxid		
SymbiontAssociated	source_mat_id		
SymbiontAssociated	host_dependence		TRUE
SymbiontAssociated	type_of_symbiosis	TRUE	
SymbiontAssociated	sym_life_cycle_type		TRUE
SymbiontAssociated	host_life_stage		TRUE
SymbiontAssociated	host_age		
SymbiontAssociated	host_sex		
SymbiontAssociated	mode_transmission	TRUE	
SymbiontAssociated	route_transmission		
SymbiontAssociated	host_body_habitat		
SymbiontAssociated	host_body_site		
SymbiontAssociated	host_body_product		
SymbiontAssociated	host_tot_mass		
SymbiontAssociated	host_height		
SymbiontAssociated	host_length		
SymbiontAssociated	host_growth_cond		
SymbiontAssociated	host_substrate		
SymbiontAssociated	host_family_relationship		
SymbiontAssociated	host_infra_specific_name		
SymbiontAssociated	host_infra_specific_rank		
SymbiontAssociated	host_genotype		
SymbiontAssociated	host_phenotype		
SymbiontAssociated	host_dry_mass		
SymbiontAssociated	host_color		
SymbiontAssociated	host_shape		
SymbiontAssociated	gravidity		
SymbiontAssociated	host_number		
SymbiontAssociated	host_symbiont		
SymbiontAssociated	host_specificity	TRUE	
SymbiontAssociated	symbiont_host_role	TRUE	
SymbiontAssociated	host_cellular_loc	TRUE	
SymbiontAssociated	association_duration		
SymbiontAssociated	host_of_host_coinf		
SymbiontAssociated	host_of_host_name		
SymbiontAssociated	host_of_host_env_loc		
SymbiontAssociated	host_of_host_env_med		
SymbiontAssociated	host_of_host_taxid		
SymbiontAssociated	host_of_host_sub_id		
SymbiontAssociated	host_of_host_disease		
SymbiontAssociated	host_of_host_fam_rel		
SymbiontAssociated	host_of_host_infname		
SymbiontAssociated	host_of_host_infrank		
SymbiontAssociated	host_of_host_geno		
SymbiontAssociated	host_of_host_pheno		
SymbiontAssociated	host_of_host_gravid		
SymbiontAssociated	host_of_host_totmass		
SymbiontAssociated	chem_administration		
SymbiontAssociated	perturbation		
SymbiontAssociated	samp_salinity		
SymbiontAssociated	oxy_stat_samp		
SymbiontAssociated	temp		
SymbiontAssociated	organism_count		
SymbiontAssociated	samp_vol_we_dna_ext		
SymbiontAssociated	samp_store_temp		
SymbiontAssociated	samp_store_dur		
SymbiontAssociated	samp_store_loc		
SymbiontAssociated	samp_store_sol		
SymbiontAssociated	misc_param		
FoodHumanFoods	samp_name		TRUE
FoodHumanFoods	project_name		TRUE
FoodHumanFoods	lat_lon		TRUE
FoodHumanFoods	geo_loc_name		TRUE
FoodHumanFoods	collection_date		TRUE
FoodHumanFoods	env_broad_scale		TRUE
FoodHumanFoods	env_local_scale		TRUE
FoodHumanFoods	env_medium		TRUE
FoodHumanFoods	seq_meth		TRUE
FoodHumanFoods	samp_size		
FoodHumanFoods	samp_collect_device		
FoodHumanFoods	experimental_factor		
FoodHumanFoods	nucl_acid_ext		
FoodHumanFoods	organism_count		
FoodHumanFoods	spikein_count		
FoodHumanFoods	samp_stor_temp		
FoodHumanFoods	samp_stor_dur		
FoodHumanFoods	samp_vol_we_dna_ext		
FoodHumanFoods	pool_dna_extracts		
FoodHumanFoods	temp		
FoodHumanFoods	samp_stor_loc		
FoodHumanFoods	genetic_mod		
FoodHumanFoods	perturbation		
FoodHumanFoods	coll_site_geo_feat		TRUE
FoodHumanFoods	food_product_type		TRUE
FoodHumanFoods	IFSAC_category		TRUE
FoodHumanFoods	ferm_chem_add	TRUE	
FoodHumanFoods	ferm_chem_add_perc	TRUE	
FoodHumanFoods	ferm_headspace_oxy	TRUE	
FoodHumanFoods	ferm_medium	TRUE	
FoodHumanFoods	ferm_pH	TRUE	
FoodHumanFoods	ferm_rel_humidity	TRUE	
FoodHumanFoods	ferm_temp	TRUE	
FoodHumanFoods	ferm_time	TRUE	
FoodHumanFoods	ferm_vessel	TRUE	
FoodHumanFoods	bacterial_density		
FoodHumanFoods	cons_food_stor_dur		
FoodHumanFoods	cons_food_stor_temp		
FoodHumanFoods	cons_purch_date		
FoodHumanFoods	cons_qty_purchased		
FoodHumanFoods	cult_isol_date		
FoodHumanFoods	cult_result		
FoodHumanFoods	cult_result_org		
FoodHumanFoods	cult_target		
FoodHumanFoods	dietary_claim_use		
FoodHumanFoods	enrichment_protocol		
FoodHumanFoods	food_additive		
FoodHumanFoods	food_allergen_label		
FoodHumanFoods	food_contact_surf		
FoodHumanFoods	food_contain_wrap		
FoodHumanFoods	food_cooking_proc		
FoodHumanFoods	food_dis_point		
FoodHumanFoods	food_ingredient		
FoodHumanFoods	food_name_status		
FoodHumanFoods	food_origin		
FoodHumanFoods	food_pack_capacity		
FoodHumanFoods	food_pack_integrity		
FoodHumanFoods	food_pack_medium		
FoodHumanFoods	food_preserv_proc		
FoodHumanFoods	food_prior_contact		
FoodHumanFoods	food_prod		
FoodHumanFoods	food_prod_synonym		
FoodHumanFoods	food_product_qual		
FoodHumanFoods	food_quality_date		
FoodHumanFoods	food_source		
FoodHumanFoods	food_trace_list		
FoodHumanFoods	food_trav_mode		
FoodHumanFoods	food_trav_vehic		
FoodHumanFoods	food_treat_proc		
FoodHumanFoods	HACCP_term		
FoodHumanFoods	intended_consumer		
FoodHumanFoods	library_prep_kit		
FoodHumanFoods	lot_number		
FoodHumanFoods	microb_cult_med		
FoodHumanFoods	microb_start		
FoodHumanFoods	microb_start_count		
FoodHumanFoods	microb_start_inoc		
FoodHumanFoods	microb_start_prep		
FoodHumanFoods	microb_start_source		
FoodHumanFoods	microb_start_taxID		
FoodHumanFoods	nucl_acid_ext_kit		
FoodHumanFoods	num_samp_collect		
FoodHumanFoods	part_plant_animal		
FoodHumanFoods	repository_name		
FoodHumanFoods	sample_collec_method		
FoodHumanFoods	samp_pooling		
FoodHumanFoods	samp_rep_biol		
FoodHumanFoods	samp_rep_tech		
FoodHumanFoods	samp_source_mat_cat		
FoodHumanFoods	samp_stor_device		
FoodHumanFoods	samp_stor_media		
FoodHumanFoods	samp_transport_cont		
FoodHumanFoods	samp_transport_dur		
FoodHumanFoods	samp_transport_temp		
FoodHumanFoods	samp_purpose		
FoodHumanFoods	sequencing_kit		
FoodHumanFoods	sequencing_location		
FoodHumanFoods	serovar_or_serotype		
FoodHumanFoods	spikein_AMR		
FoodHumanFoods	spikein_antibiotic		
FoodHumanFoods	spikein_growth_med		
FoodHumanFoods	spikein_metal		
FoodHumanFoods	spikein_org		
FoodHumanFoods	spikein_serovar		
FoodHumanFoods	spikein_strain		
FoodHumanFoods	study_design		
FoodHumanFoods	study_inc_dur		
FoodHumanFoods	study_inc_temp		
FoodHumanFoods	study_timecourse		
FoodHumanFoods	study_tmnt		
FoodHumanFoods	timepoint		
FoodHumanFoods	misc_param		
FoodAnimalAndAnimalFeed	samp_name		TRUE
FoodAnimalAndAnimalFeed	project_name		TRUE
FoodAnimalAndAnimalFeed	lat_lon		TRUE
FoodAnimalAndAnimalFeed	geo_loc_name		TRUE
FoodAnimalAndAnimalFeed	collection_date		TRUE
FoodAnimalAndAnimalFeed	env_broad_scale		TRUE
FoodAnimalAndAnimalFeed	env_local_scale		TRUE
FoodAnimalAndAnimalFeed	env_medium		TRUE
FoodAnimalAndAnimalFeed	seq_meth		TRUE
FoodAnimalAndAnimalFeed	samp_size		
FoodAnimalAndAnimalFeed	samp_collect_device		
FoodAnimalAndAnimalFeed	experimental_factor		
FoodAnimalAndAnimalFeed	nucl_acid_ext		
FoodAnimalAndAnimalFeed	organism_count		
FoodAnimalAndAnimalFeed	spikein_count		
FoodAnimalAndAnimalFeed	samp_stor_temp		
FoodAnimalAndAnimalFeed	samp_stor_dur		
FoodAnimalAndAnimalFeed	samp_vol_we_dna_ext		
FoodAnimalAndAnimalFeed	pool_dna_extracts		
FoodAnimalAndAnimalFeed	temp		
FoodAnimalAndAnimalFeed	samp_stor_loc		
FoodAnimalAndAnimalFeed	samp_transport_cont		
FoodAnimalAndAnimalFeed	perturbation		
FoodAnimalAndAnimalFeed	coll_site_geo_feat		TRUE
FoodAnimalAndAnimalFeed	food_origin		TRUE
FoodAnimalAndAnimalFeed	food_prod		TRUE
FoodAnimalAndAnimalFeed	food_product_type		TRUE
FoodAnimalAndAnimalFeed	food_source		
FoodAnimalAndAnimalFeed	IFSAC_category		TRUE
FoodAnimalAndAnimalFeed	intended_consumer		TRUE
FoodAnimalAndAnimalFeed	samp_purpose		TRUE
FoodAnimalAndAnimalFeed	animal_am		
FoodAnimalAndAnimalFeed	animal_am_dur		
FoodAnimalAndAnimalFeed	animal_am_freq		
FoodAnimalAndAnimalFeed	animal_am_route		
FoodAnimalAndAnimalFeed	animal_am_use		
FoodAnimalAndAnimalFeed	animal_body_cond		
FoodAnimalAndAnimalFeed	animal_diet		
FoodAnimalAndAnimalFeed	animal_feed_equip		
FoodAnimalAndAnimalFeed	animal_group_size		
FoodAnimalAndAnimalFeed	animal_housing		
FoodAnimalAndAnimalFeed	animal_sex		
FoodAnimalAndAnimalFeed	bacterial_density		
FoodAnimalAndAnimalFeed	cons_food_stor_dur		
FoodAnimalAndAnimalFeed	cons_food_stor_temp		
FoodAnimalAndAnimalFeed	cons_purch_date		
FoodAnimalAndAnimalFeed	cons_qty_purchased		
FoodAnimalAndAnimalFeed	cult_isol_date		
FoodAnimalAndAnimalFeed	cult_result		
FoodAnimalAndAnimalFeed	cult_result_org		
FoodAnimalAndAnimalFeed	cult_target		
FoodAnimalAndAnimalFeed	enrichment_protocol		
FoodAnimalAndAnimalFeed	food_additive		
FoodAnimalAndAnimalFeed	food_contact_surf		
FoodAnimalAndAnimalFeed	food_contain_wrap		
FoodAnimalAndAnimalFeed	food_cooking_proc		
FoodAnimalAndAnimalFeed	food_dis_point		
FoodAnimalAndAnimalFeed	food_dis_point_city		
FoodAnimalAndAnimalFeed	food_ingredient		
FoodAnimalAndAnimalFeed	food_pack_capacity		
FoodAnimalAndAnimalFeed	food_pack_integrity		
FoodAnimalAndAnimalFeed	food_pack_medium		
FoodAnimalAndAnimalFeed	food_preserv_proc		
FoodAnimalAndAnimalFeed	food_prior_contact		
FoodAnimalAndAnimalFeed	food_prod_synonym		
FoodAnimalAndAnimalFeed	food_product_qual		
FoodAnimalAndAnimalFeed	food_quality_date		
FoodAnimalAndAnimalFeed	food_source_age		
FoodAnimalAndAnimalFeed	food_trace_list		
FoodAnimalAndAnimalFeed	food_trav_mode		
FoodAnimalAndAnimalFeed	food_trav_vehic		
FoodAnimalAndAnimalFeed	food_treat_proc		
FoodAnimalAndAnimalFeed	HACCP_term		
FoodAnimalAndAnimalFeed	library_prep_kit		
FoodAnimalAndAnimalFeed	lot_number		
FoodAnimalAndAnimalFeed	microb_cult_med		
FoodAnimalAndAnimalFeed	part_plant_animal		
FoodAnimalAndAnimalFeed	repository_name		
FoodAnimalAndAnimalFeed	samp_collect_method		
FoodAnimalAndAnimalFeed	samp_pooling		
FoodAnimalAndAnimalFeed	samp_rep_biol		
FoodAnimalAndAnimalFeed	samp_rep_tech		
FoodAnimalAndAnimalFeed	samp_source_mat_cat		
FoodAnimalAndAnimalFeed	samp_stor_device		
FoodAnimalAndAnimalFeed	samp_stor_media		
FoodAnimalAndAnimalFeed	samp_transport_cont		
FoodAnimalAndAnimalFeed	samp_transport_dur		
FoodAnimalAndAnimalFeed	samp_transport_temp		
FoodAnimalAndAnimalFeed	sequencing_kit		
FoodAnimalAndAnimalFeed	sequencing_location		
FoodAnimalAndAnimalFeed	serovar_or_serotype		
FoodAnimalAndAnimalFeed	spikein_AMR		
FoodAnimalAndAnimalFeed	spikein_antibiotic		
FoodAnimalAndAnimalFeed	spikein_growth_med		
FoodAnimalAndAnimalFeed	spikein_metal		
FoodAnimalAndAnimalFeed	spikein_org		
FoodAnimalAndAnimalFeed	spikein_serovar		
FoodAnimalAndAnimalFeed	spikein_strain		
FoodAnimalAndAnimalFeed	study_design		
FoodAnimalAndAnimalFeed	study_inc_dur		
FoodAnimalAndAnimalFeed	study_inc_temp		
FoodAnimalAndAnimalFeed	study_timecourse		
FoodAnimalAndAnimalFeed	study_tmnt		
FoodAnimalAndAnimalFeed	timepoint		
FoodAnimalAndAnimalFeed	misc_param		
FoodFoodProductionFacility	samp_name		TRUE
FoodFoodProductionFacility	project_name		TRUE
FoodFoodProductionFacility	lat_lon		TRUE
FoodFoodProductionFacility	geo_loc_name		TRUE
FoodFoodProductionFacility	collection_date		TRUE
FoodFoodProductionFacility	env_broad_scale		TRUE
FoodFoodProductionFacility	env_local_scale		TRUE
FoodFoodProductionFacility	env_medium		TRUE
FoodFoodProductionFacility	seq_meth		TRUE
FoodFoodProductionFacility	samp_size		
FoodFoodProductionFacility	samp_collect_device		
FoodFoodProductionFacility	experimental_factor		
FoodFoodProductionFacility	nucl_acid_ext		
FoodFoodProductionFacility	organism_count		
FoodFoodProductionFacility	samp_stor_temp		
FoodFoodProductionFacility	samp_stor_dur		
FoodFoodProductionFacility	air_temp		
FoodFoodProductionFacility	room_dim		
FoodFoodProductionFacility	freq_clean		
FoodFoodProductionFacility	samp_room_id		
FoodFoodProductionFacility	samp_vol_we_dna_ext		
FoodFoodProductionFacility	pool_dna_extracts		
FoodFoodProductionFacility	samp_stor_loc		
FoodFoodProductionFacility	surf_material		
FoodFoodProductionFacility	indoor_surf		
FoodFoodProductionFacility	avg_occup		
FoodFoodProductionFacility	samp_floor		
FoodFoodProductionFacility	genetic_mod		
FoodFoodProductionFacility	coll_site_geo_feat		TRUE
FoodFoodProductionFacility	samp_source_mat_cat		TRUE
FoodFoodProductionFacility	samp_type		TRUE
FoodFoodProductionFacility	samp_stor_media		TRUE
FoodFoodProductionFacility	samp_stor_device		TRUE
FoodFoodProductionFacility	food_product_type		TRUE
FoodFoodProductionFacility	IFSAC_category		TRUE
FoodFoodProductionFacility	food_product_qual		TRUE
FoodFoodProductionFacility	food_contact_surf		TRUE
FoodFoodProductionFacility	facility_type		
FoodFoodProductionFacility	food_trav_mode		
FoodFoodProductionFacility	food_trav_vehic		
FoodFoodProductionFacility	samp_transport_dur		
FoodFoodProductionFacility	samp_transport_temp		
FoodFoodProductionFacility	samp_collect_method		
FoodFoodProductionFacility	num_samp_collect		
FoodFoodProductionFacility	lot_number		
FoodFoodProductionFacility	hygienic_area		
FoodFoodProductionFacility	env_monitoring_zone		
FoodFoodProductionFacility	area_samp_size		
FoodFoodProductionFacility	samp_surf_moisture		
FoodFoodProductionFacility	samp_loc_condition		
FoodFoodProductionFacility	biocide_used		
FoodFoodProductionFacility	ster_meth_samp_room		
FoodFoodProductionFacility	enrichment_protocol		
FoodFoodProductionFacility	cult_target		
FoodFoodProductionFacility	microb_cult_med		
FoodFoodProductionFacility	timepoint		
FoodFoodProductionFacility	bacterial_density		
FoodFoodProductionFacility	cult_isol_date		
FoodFoodProductionFacility	cult_result		
FoodFoodProductionFacility	cult_result_org		
FoodFoodProductionFacility	subspecf_gen_lin		
FoodFoodProductionFacility	samp_pooling		
FoodFoodProductionFacility	samp_purpose		
FoodFoodProductionFacility	samp_rep_tech		
FoodFoodProductionFacility	samp_rep_biol		
FoodFoodProductionFacility	samp_transport_cont		
FoodFoodProductionFacility	study_design		
FoodFoodProductionFacility	nucl_acid_ext_kit		
FoodFoodProductionFacility	library_prep_kit		
FoodFoodProductionFacility	sequencing_kit		
FoodFoodProductionFacility	sequencing_location		
FoodFoodProductionFacility	study_inc_temp		
FoodFoodProductionFacility	study_inc_dur		
FoodFoodProductionFacility	study_timecourse		
FoodFoodProductionFacility	study_tmnt		
FoodFoodProductionFacility	food_source		
FoodFoodProductionFacility	food_dis_point		
FoodFoodProductionFacility	food_dis_point_city		
FoodFoodProductionFacility	food_origin		
FoodFoodProductionFacility	food_prod_synonym		
FoodFoodProductionFacility	food_additive		
FoodFoodProductionFacility	food_trace_list		
FoodFoodProductionFacility	part_plant_animal		
FoodFoodProductionFacility	food_ingredient		
FoodFoodProductionFacility	spec_intended_cons		
FoodFoodProductionFacility	HACCP_term		
FoodFoodProductionFacility	dietary_claim_use		
FoodFoodProductionFacility	food_allergen_label		
FoodFoodProductionFacility	food_prod_char		
FoodFoodProductionFacility	prod_label_claims		
FoodFoodProductionFacility	food_name_status		
FoodFoodProductionFacility	food_preserv_proc		
FoodFoodProductionFacility	food_cooking_proc		
FoodFoodProductionFacility	food_treat_proc		
FoodFoodProductionFacility	food_contain_wrap		
FoodFoodProductionFacility	food_pack_capacity		
FoodFoodProductionFacility	food_pack_medium		
FoodFoodProductionFacility	food_prior_contact		
FoodFoodProductionFacility	food_prod		
FoodFoodProductionFacility	food_quality_date		
FoodFoodProductionFacility	repository_name		
FoodFoodProductionFacility	intended_consumer		
FoodFoodProductionFacility	food_pack_integrity		
FoodFoodProductionFacility	misc_param		
FoodFarmEnvironment	samp_name		TRUE
FoodFarmEnvironment	project_name		TRUE
FoodFarmEnvironment	lat_lon		TRUE
FoodFarmEnvironment	geo_loc_name		TRUE
FoodFarmEnvironment	collection_date		TRUE
FoodFarmEnvironment	env_broad_scale		TRUE
FoodFarmEnvironment	env_local_scale		TRUE
FoodFarmEnvironment	env_medium		TRUE
FoodFarmEnvironment	seq_meth		TRUE
FoodFarmEnvironment	samp_size		
FoodFarmEnvironment	samp_collect_device		
FoodFarmEnvironment	nucl_acid_ext		
FoodFarmEnvironment	humidity		
FoodFarmEnvironment	organism_count		
FoodFarmEnvironment	spikein_count		
FoodFarmEnvironment	samp_stor_temp		
FoodFarmEnvironment	solar_irradiance		
FoodFarmEnvironment	ventilation_rate		
FoodFarmEnvironment	samp_stor_dur		
FoodFarmEnvironment	wind_speed		
FoodFarmEnvironment	salinity		
FoodFarmEnvironment	samp_vol_we_dna_ext		
FoodFarmEnvironment	previous_land_use		
FoodFarmEnvironment	crop_rotation		
FoodFarmEnvironment	soil_type_meth		
FoodFarmEnvironment	tot_org_c_meth		
FoodFarmEnvironment	tot_nitro_cont_meth		
FoodFarmEnvironment	salinity_meth		
FoodFarmEnvironment	host_age		
FoodFarmEnvironment	host_dry_mass		
FoodFarmEnvironment	host_height		
FoodFarmEnvironment	host_length		
FoodFarmEnvironment	host_tot_mass		
FoodFarmEnvironment	root_med_carbon		
FoodFarmEnvironment	root_med_macronutr		
FoodFarmEnvironment	root_med_micronutr		
FoodFarmEnvironment	depth		TRUE
FoodFarmEnvironment	season_temp		
FoodFarmEnvironment	season_precpt		
FoodFarmEnvironment	tot_org_carb		
FoodFarmEnvironment	tot_nitro_content		
FoodFarmEnvironment	conduc		
FoodFarmEnvironment	turbidity		
FoodFarmEnvironment	size_frac_low		
FoodFarmEnvironment	size_frac_up		
FoodFarmEnvironment	temp		
FoodFarmEnvironment	ventilation_type		
FoodFarmEnvironment	wind_direction		
FoodFarmEnvironment	genetic_mod		
FoodFarmEnvironment	host_phenotype		
FoodFarmEnvironment	ph		
FoodFarmEnvironment	ances_data		
FoodFarmEnvironment	biotic_regm		TRUE
FoodFarmEnvironment	chem_administration		TRUE
FoodFarmEnvironment	growth_habit		
FoodFarmEnvironment	host_disease_stat	TRUE	
FoodFarmEnvironment	host_genotype		
FoodFarmEnvironment	host_taxid		
FoodFarmEnvironment	mechanical_damage		
FoodFarmEnvironment	perturbation		
FoodFarmEnvironment	root_cond		
FoodFarmEnvironment	root_med_ph		
FoodFarmEnvironment	tillage		
FoodFarmEnvironment	ph_meth		
FoodFarmEnvironment	growth_medium		
FoodFarmEnvironment	season		
FoodFarmEnvironment	food_product_type		TRUE
FoodFarmEnvironment	samp_type		TRUE
FoodFarmEnvironment	farm_water_source	TRUE	
FoodFarmEnvironment	plant_water_method	TRUE	
FoodFarmEnvironment	air_PM_concen		
FoodFarmEnvironment	animal_feed_equip		
FoodFarmEnvironment	animal_intrusion		
FoodFarmEnvironment	anim_water_method		
FoodFarmEnvironment	crop_yield		
FoodFarmEnvironment	cult_result		
FoodFarmEnvironment	cult_result_org		
FoodFarmEnvironment	cult_target		
FoodFarmEnvironment	plant_part_maturity		
FoodFarmEnvironment	adjacent_environment		
FoodFarmEnvironment	water_source_adjac		
FoodFarmEnvironment	farm_equip_shared		
FoodFarmEnvironment	farm_equip_san		
FoodFarmEnvironment	farm_equip_san_freq		
FoodFarmEnvironment	farm_equip		
FoodFarmEnvironment	fertilizer_admin		
FoodFarmEnvironment	fertilizer_date		
FoodFarmEnvironment	animal_group_size		
FoodFarmEnvironment	animal_diet		
FoodFarmEnvironment	food_contact_surf		
FoodFarmEnvironment	food_contain_wrap		
FoodFarmEnvironment	food_harvest_proc		
FoodFarmEnvironment	food_pack_medium		
FoodFarmEnvironment	food_preserv_proc		
FoodFarmEnvironment	food_prod_char		
FoodFarmEnvironment	prod_label_claims		
FoodFarmEnvironment	food_trav_mode		
FoodFarmEnvironment	food_trav_vehic		
FoodFarmEnvironment	food_source		
FoodFarmEnvironment	food_treat_proc		
FoodFarmEnvironment	extr_weather_event		
FoodFarmEnvironment	date_extr_weath		
FoodFarmEnvironment	host_subspecf_genlin		
FoodFarmEnvironment	intended_consumer		
FoodFarmEnvironment	library_prep_kit		
FoodFarmEnvironment	air_flow_impede		
FoodFarmEnvironment	lot_number		
FoodFarmEnvironment	season_humidity		
FoodFarmEnvironment	part_plant_animal		
FoodFarmEnvironment	plant_growth_med		
FoodFarmEnvironment	plant_reprod_crop		
FoodFarmEnvironment	samp_purpose		
FoodFarmEnvironment	repository_name		
FoodFarmEnvironment	samp_pooling		
FoodFarmEnvironment	samp_source_mat_cat		
FoodFarmEnvironment	sequencing_kit		
FoodFarmEnvironment	sequencing_location		
FoodFarmEnvironment	serovar_or_serotype		
FoodFarmEnvironment	soil_conductivity		
FoodFarmEnvironment	soil_cover		
FoodFarmEnvironment	soil_pH		
FoodFarmEnvironment	rel_location		
FoodFarmEnvironment	soil_porosity		
FoodFarmEnvironment	soil_temp		
FoodFarmEnvironment	soil_texture_class		
FoodFarmEnvironment	soil_texture_meth		
FoodFarmEnvironment	soil_type		
FoodFarmEnvironment	spikein_org		
FoodFarmEnvironment	spikein_serovar		
FoodFarmEnvironment	spikein_growth_med		
FoodFarmEnvironment	spikein_strain		
FoodFarmEnvironment	spikein_antibiotic		
FoodFarmEnvironment	spikein_metal		
FoodFarmEnvironment	timepoint		
FoodFarmEnvironment	water_frequency		
FoodFarmEnvironment	water_pH		
FoodFarmEnvironment	water_source_shared		
FoodFarmEnvironment	enrichment_protocol		
FoodFarmEnvironment	food_quality_date		
FoodFarmEnvironment	IFSAC_category		TRUE
FoodFarmEnvironment	animal_housing		
FoodFarmEnvironment	cult_isol_date		
FoodFarmEnvironment	food_clean_proc		
FoodFarmEnvironment	misc_param		
Agriculture	plant_growth_med		
Agriculture	soil_horizon	TRUE	
Agriculture	photosynt_activ	TRUE	
Agriculture	photosynt_activ_meth	TRUE	
Agriculture	samp_collect_method		
Agriculture	enrichment_protocol	TRUE	
Agriculture	library_prep_kit		
Agriculture	sequencing_location		
Agriculture	soil_temp		
Agriculture	soil_pH		
Agriculture	soil_conductivity		
Agriculture	rel_location	TRUE	
Agriculture	soil_cover	TRUE	
Agriculture	porosity		
Agriculture	texture		
Agriculture	texture_meth		
Agriculture	host_symbiont		
Agriculture	host_disease_stat	TRUE	
Agriculture	pres_animal_insect		
Agriculture	plant_water_method	TRUE	
Agriculture	anim_water_method		
Agriculture	farm_water_source	TRUE	
Agriculture	water_source_shared		
Agriculture	water_pH		
Agriculture	elev		
Agriculture	season		
Agriculture	solar_irradiance		
Agriculture	crop_yield		
Agriculture	season_humidity		
Agriculture	humidity	TRUE	
Agriculture	adjacent_environment		
Agriculture	chem_administration		TRUE
Agriculture	food_prod		
Agriculture	lot_number		
Agriculture	fertilizer_admin		
Agriculture	samp_stor_temp		
Agriculture	food_trav_mode		
Agriculture	food_trav_vehic		
Agriculture	farm_equip_san		
Agriculture	farm_equip		
Agriculture	farm_equip_shared		
Agriculture	food_harvest_proc		
Agriculture	plant_struc	TRUE	
Agriculture	host_dry_mass		
Agriculture	ances_data		
Agriculture	genetic_mod		
Agriculture	Food_Product_type		
Agriculture	Food_source		TRUE
Agriculture	spikein_strain		
Agriculture	organism_count	TRUE	
Agriculture	size_frac_low		
Agriculture	size_frac_up		
Agriculture	cult_isol_date		
Agriculture	samp_pooling	TRUE	
Agriculture	root_med_macronutr		
Agriculture	root_med_carbon		
Agriculture	root_med_ph		
Agriculture	soil_depth	TRUE	
Agriculture	specific_host		TRUE
Agriculture	pathogenicity		TRUE
Agriculture	biotic_relationship	TRUE	
Agriculture	water_temp_regm	TRUE	
Agriculture	watering_regm	TRUE	
Agriculture	standing_water_regm	TRUE	
Agriculture	gaseous_environment	TRUE	
Agriculture	fungicide_regm	TRUE	
Agriculture	climate_environment	TRUE	
Agriculture	herbicide_regm	TRUE	
Agriculture	non_mineral_nutr_regm	TRUE	
Agriculture	pesticide_regm	TRUE	
Agriculture	ph_regm	TRUE	
Agriculture	salt_regm	TRUE	
Agriculture	season_environment	TRUE	
Agriculture	temp		TRUE
Agriculture	perturbation	TRUE	
Agriculture	isol_growth_condt		
Agriculture	samp_store_dur		TRUE
Agriculture	samp_store_loc		TRUE
Agriculture	samp_collect_device		TRUE
Agriculture	samp_mat_process		TRUE
Agriculture	host_age		TRUE
Agriculture	host_common_name		TRUE
Agriculture	host_genotype		TRUE
Agriculture	host_height		TRUE
Agriculture	host_subspecf_genlin		
Agriculture	host_length		TRUE
Agriculture	host_life_stage		TRUE
Agriculture	host_phenotype		TRUE
Agriculture	host_taxid		TRUE
Agriculture	host_tot_mass		TRUE
Agriculture	host_spec_range		TRUE
Agriculture	trophic_level	TRUE	
Agriculture	plant_product	TRUE	
Agriculture	samp_size		TRUE
Agriculture	oxy_stat_samp	TRUE	
Agriculture	seq_meth		TRUE
Agriculture	samp_vol_we_dna_ext		TRUE
Agriculture	pcr_primers		TRUE
Agriculture	nucl_acid_ext		TRUE
Agriculture	nucl_acid_amp		TRUE
Agriculture	lib_size		
Agriculture	lib_reads_seqd		TRUE
Agriculture	lib_layout	TRUE	
Agriculture	lib_vector		TRUE
Agriculture	lib_screen		TRUE
Agriculture	target_gene		TRUE
Agriculture	target_subfragment		TRUE
Agriculture	mid		TRUE
Agriculture	adapters		TRUE
Agriculture	pcr_cond		TRUE
Agriculture	seq_quality_check		
Agriculture	chimera_check		TRUE
Agriculture	assembly_name		TRUE
Agriculture	assembly_software		
Agriculture	assembly_quality		
Agriculture	annot	TRUE	
Agriculture	url	TRUE	
Agriculture	sop		
Agriculture	source_mat_id		
Agriculture	fao_class	TRUE	
Agriculture	local_class	TRUE	
Agriculture	local_class_meth	TRUE	
Agriculture	soil_type		TRUE
Agriculture	soil_type_meth		TRUE
Agriculture	horizon	TRUE	
Agriculture	horizon_meth	TRUE	
Agriculture	link_class_info		
Agriculture	previous_land_use	TRUE	
Agriculture	previous_land_use_meth	TRUE	
Agriculture	crop_rotation	TRUE	
Agriculture	agrochem_addition		
Agriculture	tillage	TRUE	
Agriculture	fire	TRUE	
Agriculture	flooding	TRUE	
Agriculture	extreme_event	TRUE	
Agriculture	link_climate_info		
Agriculture	annual_temp		
Agriculture	season_temp		
Agriculture	annual_precpt		
Agriculture	season_precpt		
Agriculture	cur_land_use		
Agriculture	slope_gradient	TRUE	
Agriculture	slope_aspect	TRUE	
Agriculture	profile_position	TRUE	
Agriculture	drainage_class	TRUE	
Agriculture	store_cond		TRUE
Agriculture	ph_meth	TRUE	
Agriculture	cur_vegetation	TRUE	
Agriculture	cur_vegetation_meth	TRUE	
Agriculture	tot_org_carb	TRUE	
Agriculture	tot_org_c_meth	TRUE	
Agriculture	tot_nitro	TRUE	
Agriculture	tot_n_meth	TRUE	
Agriculture	microbial_biomass		TRUE
Agriculture	microbial_biomass_meth		TRUE
Agriculture	heavy_metals_meth	TRUE	
Agriculture	tot_car	TRUE	
Agriculture	tot_phos	TRUE	
Agriculture	sieving		TRUE
Agriculture	pool_dna_extracts		TRUE
Agriculture	misc_param		